arc_length,\delta = h,\delta = sqrt(2), \delta = 2h,Exact Solution,No Filter
0,0,0,0,0,0
0.00141421,0.00576088,0.00475412,0.00372263,0.00094585,0.00799839
0.00282843,0.0115218,0.00950823,0.00744526,0.0018917,0.0159968
0.00424264,0.0172827,0.0142624,0.0111679,0.00283755,0.0239952
0.00565685,0.0230435,0.0190165,0.0148905,0.0037834,0.0319935
0.00707107,0.0288044,0.0237706,0.0186131,0.00472925,0.0399919
0.00848528,0.0345653,0.0285247,0.0223358,0.0056751,0.0479903
0.0098995,0.0403262,0.0332788,0.0260584,0.00662095,0.0559887
0.0113137,0.0460871,0.0380329,0.029781,0.0075668,0.0639871
0.0127279,0.0518479,0.0427871,0.0335037,0.00851265,0.0719855
0.0141421,0.0576088,0.0475412,0.0372263,0.0094585,0.0799839
0.0155563,0.0633697,0.0522953,0.0409489,0.0104043,0.0879822
0.0169706,0.0691306,0.0570494,0.0446716,0.0113502,0.0959806
0.0183848,0.0748915,0.0618035,0.0483942,0.012296,0.103979
0.019799,0.0806524,0.0665576,0.0521168,0.0132419,0.111977
0.0212132,0.0864133,0.0713118,0.0558394,0.0141877,0.119976
0.0226274,0.0921741,0.0760659,0.0595621,0.0151336,0.127974
0.0240416,0.097935,0.08082,0.0632847,0.0160794,0.135973
0.0254558,0.103696,0.0855741,0.0670073,0.0170253,0.143971
0.0268701,0.109457,0.0903282,0.07073,0.0179711,0.151969
0.0282843,0.115218,0.0950823,0.0744526,0.018917,0.159968
0.0296985,0.120979,0.0998365,0.0781752,0.0198628,0.167966
0.0311127,0.126739,0.104591,0.0818978,0.0208087,0.175964
0.0325269,0.1325,0.109345,0.0856205,0.0217545,0.183963
0.0339411,0.138261,0.114099,0.0893431,0.0227004,0.191961
0.0353553,0.144022,0.118853,0.0930657,0.0236462,0.19996
0.0367696,0.149783,0.123607,0.0967884,0.0245921,0.207958
0.0381838,0.155544,0.128361,0.100511,0.0255379,0.215956
0.039598,0.161305,0.133115,0.104234,0.0264838,0.223955
0.0410122,0.167066,0.137869,0.107956,0.0274296,0.231953
0.0424264,0.172827,0.142624,0.111679,0.0283755,0.239952
0.0438406,0.178587,0.147378,0.115402,0.0293213,0.24795
0.0452548,0.184348,0.152132,0.119124,0.0302672,0.255948
0.046669,0.190109,0.156886,0.122847,0.031213,0.263947
0.0480833,0.19587,0.16164,0.126569,0.0321589,0.271945
0.0494975,0.201631,0.166394,0.130292,0.0331047,0.279944
0.0509117,0.207392,0.171148,0.134015,0.0340506,0.287942
0.0523259,0.213153,0.175902,0.137737,0.0349964,0.29594
0.0537401,0.218914,0.180656,0.14146,0.0359423,0.303939
0.0551543,0.224674,0.185411,0.145183,0.0368881,0.311937
0.0565685,0.230435,0.190165,0.148905,0.037834,0.319935
0.0579828,0.236196,0.194919,0.152628,0.0387798,0.327934
0.059397,0.241957,0.199673,0.15635,0.0397257,0.335932
0.0608112,0.247718,0.204427,0.160073,0.0406715,0.343931
0.0622254,0.253479,0.209181,0.163796,0.0416174,0.351929
0.0636396,0.25924,0.213935,0.167518,0.0425632,0.359927
0.0650538,0.265001,0.218689,0.171241,0.0435091,0.367926
0.066468,0.270762,0.223443,0.174964,0.0444549,0.375924
0.0678823,0.276522,0.228198,0.178686,0.0454008,0.383923
0.0692965,0.282283,0.232952,0.182409,0.0463466,0.391921
0.0707107,0.288044,0.237706,0.186131,0.0472925,0.399919
0.0721249,0.282899,0.234319,0.184575,0.0482455,0.390957
0.0735391,0.277753,0.230933,0.183018,0.0491985,0.381996
0.0749533,0.272607,0.227546,0.181461,0.0501515,0.373034
0.0763675,0.267462,0.22416,0.179904,0.0511044,0.364072
0.0777817,0.262316,0.220773,0.178347,0.0520574,0.35511
0.079196,0.25717,0.217387,0.17679,0.0530104,0.346148
0.0806102,0.252025,0.214,0.175233,0.0539634,0.337186
0.0820244,0.246879,0.210614,0.173676,0.0549164,0.328225
0.0834386,0.241734,0.207227,0.172119,0.0558694,0.319263
0.0848528,0.236588,0.203841,0.170562,0.0568224,0.310301
0.086267,0.231442,0.200454,0.169005,0.0577753,0.301339
0.0876812,0.226297,0.197068,0.167448,0.0587283,0.292377
0.0890955,0.221151,0.193681,0.165891,0.0596813,0.283415
0.0905097,0.216005,0.190295,0.164334,0.0606343,0.274454
0.0919239,0.21086,0.186908,0.162777,0.0615873,0.265492
0.0933381,0.205714,0.183522,0.16122,0.0625403,0.25653
0.0947523,0.200569,0.180135,0.159663,0.0634933,0.247568
0.0961665,0.195423,0.176749,0.158106,0.0644463,0.238606
0.0975807,0.190277,0.173362,0.156549,0.0653992,0.229645
0.0989949,0.185132,0.169976,0.154992,0.0663522,0.220683
0.100409,0.179986,0.166589,0.153435,0.0673052,0.211721
0.101823,0.17484,0.163203,0.151878,0.0682582,0.202759
0.103238,0.169695,0.159816,0.150321,0.0692112,0.193797
0.104652,0.164549,0.15643,0.148764,0.0701642,0.184835
0.106066,0.159404,0.153043,0.147207,0.0711172,0.175873
0.10748,0.154258,0.149657,0.14565,0.0720701,0.166912
0.108894,0.149112,0.14627,0.144093,0.0730231,0.15795
0.110309,0.143967,0.142884,0.142537,0.0739761,0.148988
0.111723,0.138821,0.139497,0.14098,0.0749291,0.140026
0.113137,0.133675,0.136111,0.139423,0.0758821,0.131064
0.114551,0.12853,0.132724,0.137866,0.0768351,0.122103
0.115966,0.123384,0.129338,0.136309,0.0777881,0.113141
0.11738,0.118239,0.125951,0.134752,0.078741,0.104179
0.118794,0.113093,0.122565,0.133195,0.079694,0.095217
0.120208,0.107947,0.119178,0.131638,0.080647,0.0862552
0.121622,0.102802,0.115792,0.130081,0.0816,0.0772933
0.123037,0.0976561,0.112405,0.128524,0.082553,0.0683315
0.124451,0.0925104,0.109019,0.126967,0.083506,0.0593697
0.125865,0.0873648,0.105632,0.12541,0.084459,0.0504078
0.127279,0.0822192,0.102246,0.123853,0.085412,0.041446
0.128693,0.0770736,0.0988595,0.122296,0.0863649,0.0324842
0.130108,0.0719279,0.0954729,0.120739,0.0873179,0.0235223
0.131522,0.0667823,0.0920864,0.119182,0.0882709,0.0145605
0.132936,0.0616367,0.0887,0.117625,0.0892239,0.00559871
0.13435,0.0564911,0.0853135,0.116068,0.0901769,-0.00336314
0.135765,0.0513454,0.081927,0.114511,0.0911299,-0.012325
0.137179,0.0461998,0.0785404,0.112954,0.0920829,-0.0212868
0.138593,0.0410542,0.075154,0.111397,0.0930358,-0.0302486
0.140007,0.0359086,0.0717675,0.10984,0.0939888,-0.0392105
0.141421,0.030763,0.068381,0.108283,0.0949418,-0.0481723
0.142836,0.0382278,0.0740464,0.112138,0.0959004,-0.0361057
0.14425,0.0456926,0.0797118,0.115993,0.0968589,-0.0240392
0.145664,0.0531575,0.0853773,0.119848,0.0978174,-0.0119726
0.147078,0.0606223,0.0910427,0.123703,0.098776,9.4033E-05
0.148492,0.0680872,0.0967081,0.127557,0.0997345,0.0121605
0.149907,0.075552,0.102374,0.131412,0.100693,0.0242271
0.151321,0.0830169,0.108039,0.135267,0.101652,0.0362938
0.152735,0.0904817,0.113704,0.139122,0.10261,0.0483604
0.154149,0.0979466,0.11937,0.142977,0.103569,0.0604269
0.155563,0.105411,0.125035,0.146831,0.104527,0.0724935
0.156978,0.112876,0.130701,0.150686,0.105486,0.0845601
0.158392,0.120341,0.136366,0.154541,0.106444,0.0966267
0.159806,0.127806,0.142032,0.158396,0.107403,0.108693
0.16122,0.135271,0.147697,0.162251,0.108361,0.12076
0.162635,0.142736,0.153362,0.166105,0.10932,0.132826
0.164049,0.1502,0.159028,0.16996,0.110278,0.144893
0.165463,0.157665,0.164693,0.173815,0.111237,0.15696
0.166877,0.16513,0.170359,0.17767,0.112195,0.169026
0.168291,0.172595,0.176024,0.181525,0.113154,0.181093
0.169706,0.18006,0.18169,0.185379,0.114113,0.193159
0.17112,0.187525,0.187355,0.189234,0.115071,0.205226
0.172534,0.19499,0.19302,0.193089,0.11603,0.217292
0.173948,0.202454,0.198686,0.196944,0.116988,0.229359
0.175362,0.209919,0.204351,0.200799,0.117947,0.241426
0.176777,0.217384,0.210017,0.204653,0.118905,0.253492
0.178191,0.224849,0.215682,0.208508,0.119864,0.265559
0.179605,0.232314,0.221348,0.212363,0.120822,0.277625
0.181019,0.239779,0.227013,0.216218,0.121781,0.289692
0.182434,0.247243,0.232678,0.220073,0.122739,0.301758
0.183848,0.254708,0.238344,0.223927,0.123698,0.313825
0.185262,0.262173,0.244009,0.227782,0.124656,0.325892
0.186676,0.269638,0.249675,0.231637,0.125615,0.337958
0.18809,0.277103,0.25534,0.235492,0.126574,0.350025
0.189505,0.284568,0.261006,0.239347,0.127532,0.362091
0.190919,0.292033,0.266671,0.243201,0.128491,0.374158
0.192333,0.299498,0.272337,0.247056,0.129449,0.386225
0.193747,0.306962,0.278002,0.250911,0.130408,0.398291
0.195161,0.314427,0.283667,0.254766,0.131366,0.410358
0.196576,0.321892,0.289333,0.258621,0.132325,0.422424
0.19799,0.329357,0.294998,0.262475,0.133283,0.434491
0.199404,0.336822,0.300664,0.26633,0.134242,0.446557
0.200818,0.344287,0.306329,0.270185,0.1352,0.458624
0.202233,0.351751,0.311995,0.27404,0.136159,0.470691
0.203647,0.359216,0.31766,0.277895,0.137117,0.482757
0.205061,0.366681,0.323325,0.281749,0.138076,0.494824
0.206475,0.374146,0.328991,0.285604,0.139034,0.50689
0.207889,0.381611,0.334656,0.289459,0.139993,0.518957
0.209304,0.389076,0.340322,0.293314,0.140952,0.531023
0.210718,0.396541,0.345987,0.297169,0.14191,0.54309
0.212132,0.404005,0.351653,0.301023,0.142869,0.555157
0.213546,0.397701,0.347529,0.298948,0.143831,0.5425
0.21496,0.391396,0.343406,0.296873,0.144794,0.529844
0.216375,0.385091,0.339283,0.294798,0.145757,0.517187
0.217789,0.378787,0.335159,0.292722,0.14672,0.50453
0.219203,0.372482,0.331036,0.290647,0.147683,0.491874
0.220617,0.366177,0.326913,0.288572,0.148646,0.479217
0.222032,0.359873,0.32279,0.286496,0.149609,0.466561
0.223446,0.353568,0.318666,0.284421,0.150572,0.453904
0.22486,0.347263,0.314543,0.282346,0.151534,0.441248
0.226274,0.340959,0.31042,0.280271,0.152497,0.428591
0.227688,0.334654,0.306296,0.278195,0.15346,0.415934
0.229103,0.328349,0.302173,0.27612,0.154423,0.403278
0.230517,0.322045,0.29805,0.274045,0.155386,0.390621
0.231931,0.31574,0.293927,0.27197,0.156349,0.377965
0.233345,0.309435,0.289803,0.269894,0.157312,0.365308
0.234759,0.303131,0.28568,0.267819,0.158274,0.352652
0.236174,0.296826,0.281557,0.265744,0.159237,0.339995
0.237588,0.290521,0.277433,0.263669,0.1602,0.327338
0.239002,0.284216,0.27331,0.261593,0.161163,0.314682
0.240416,0.277912,0.269187,0.259518,0.162126,0.302025
0.241831,0.271607,0.265064,0.257443,0.163089,0.289369
0.243245,0.265302,0.26094,0.255367,0.164052,0.276712
0.244659,0.258998,0.256817,0.253292,0.165015,0.264056
0.246073,0.252693,0.252694,0.251217,0.165977,0.251399
0.247487,0.246388,0.248571,0.249142,0.16694,0.238743
0.248902,0.240084,0.244447,0.247066,0.167903,0.226086
0.250316,0.233779,0.240324,0.244991,0.168866,0.213429
0.25173,0.227474,0.236201,0.242916,0.169829,0.200773
0.253144,0.22117,0.232077,0.240841,0.170792,0.188116
0.254558,0.214865,0.227954,0.238765,0.171755,0.17546
0.255973,0.20856,0.223831,0.23669,0.172717,0.162803
0.257387,0.202256,0.219708,0.234615,0.17368,0.150147
0.258801,0.195951,0.215584,0.23254,0.174643,0.13749
0.260215,0.189646,0.211461,0.230464,0.175606,0.124833
0.26163,0.183342,0.207338,0.228389,0.176569,0.112177
0.263044,0.177037,0.203214,0.226314,0.177532,0.0995202
0.264458,0.170732,0.199091,0.224238,0.178495,0.0868636
0.265872,0.164428,0.194968,0.222163,0.179457,0.0742072
0.267286,0.158123,0.190845,0.220088,0.18042,0.0615506
0.268701,0.151818,0.186721,0.218013,0.181383,0.0488941
0.270115,0.145514,0.182598,0.215937,0.182346,0.0362375
0.271529,0.139209,0.178475,0.213862,0.183309,0.0235809
0.272943,0.132904,0.174351,0.211787,0.184272,0.0109243
0.274357,0.1266,0.170228,0.209712,0.185235,-0.00173231
0.275772,0.120295,0.166105,0.207636,0.186198,-0.0143887
0.277186,0.11399,0.161982,0.205561,0.18716,-0.0270453
0.2786,0.107686,0.157858,0.203486,0.188123,-0.0397019
0.280014,0.101381,0.153735,0.201411,0.189086,-0.0523585
0.281428,0.0950762,0.149612,0.199335,0.190049,-0.0650151
0.282843,0.0887716,0.145488,0.19726,0.191012,-0.0776716
0.284257,0.0976485,0.151905,0.201477,0.191978,-0.0610188
0.285671,0.106525,0.158321,0.205695,0.192944,-0.0443661
0.287085,0.115402,0.164738,0.209912,0.193911,-0.0277136
0.2885,0.124279,0.171154,0.214129,0.194877,-0.0110608
0.289914,0.133156,0.177571,0.218347,0.195843,0.00559193
0.291328,0.142033,0.183987,0.222564,0.196809,0.0222447
0.292742,0.15091,0.190404,0.226781,0.197776,0.0388974
0.294156,0.159787,0.19682,0.230999,0.198742,0.0555502
0.295571,0.168664,0.203237,0.235216,0.199708,0.0722029
0.296985,0.17754,0.209653,0.239433,0.200674,0.0888554
0.298399,0.186417,0.21607,0.243651,0.201641,0.105508
0.299813,0.195294,0.222486,0.247868,0.202607,0.122161
0.301227,0.204171,0.228903,0.252085,0.203573,0.138814
0.302642,0.213048,0.235319,0.256303,0.204539,0.155466
0.304056,0.221925,0.241736,0.26052,0.205506,0.172119
0.30547,0.230802,0.248152,0.264737,0.206472,0.188772
0.306884,0.239679,0.254568,0.268955,0.207438,0.205424
0.308299,0.248555,0.260985,0.273172,0.208404,0.222077
0.309713,0.257432,0.267401,0.277389,0.209371,0.23873
0.311127,0.266309,0.273818,0.281607,0.210337,0.255383
0.312541,0.275186,0.280234,0.285824,0.211303,0.272035
0.313955,0.284063,0.286651,0.290041,0.212269,0.288688
0.31537,0.29294,0.293067,0.294259,0.213236,0.305341
0.316784,0.301817,0.299484,0.298476,0.214202,0.321994
0.318198,0.310694,0.3059,0.302693,0.215168,0.338646
0.319612,0.319571,0.312317,0.30691,0.216134,0.355299
0.321026,0.328447,0.318733,0.311128,0.2171,0.371952
0.322441,0.337324,0.32515,0.315345,0.218067,0.388604
0.323855,0.346201,0.331566,0.319563,0.219033,0.405257
0.325269,0.355078,0.337983,0.32378,0.219999,0.42191
0.326683,0.363955,0.344399,0.327997,0.220965,0.438563
0.328098,0.372832,0.350816,0.332214,0.221932,0.455215
0.329512,0.381709,0.357232,0.336432,0.222898,0.471868
0.330926,0.390586,0.363649,0.340649,0.223864,0.488521
0.33234,0.399463,0.370065,0.344866,0.22483,0.505173
0.333754,0.408339,0.376482,0.349084,0.225797,0.521826
0.335169,0.417216,0.382898,0.353301,0.226763,0.538479
0.336583,0.426093,0.389314,0.357518,0.227729,0.555132
0.337997,0.43497,0.395731,0.361736,0.228695,0.571784
0.339411,0.443847,0.402147,0.365953,0.229662,0.588437
0.340825,0.452724,0.408564,0.37017,0.230628,0.60509
0.34224,0.461601,0.41498,0.374388,0.231594,0.621742
0.343654,0.470478,0.421397,0.378605,0.23256,0.638395
0.345068,0.479355,0.427813,0.382822,0.233527,0.655048
0.346482,0.488231,0.43423,0.38704,0.234493,0.671701
0.347897,0.497108,0.440646,0.391257,0.235459,0.688353
0.349311,0.505985,0.447063,0.395474,0.236425,0.705006
0.350725,0.514862,0.453479,0.399692,0.237392,0.721659
0.352139,0.523739,0.459896,0.403909,0.238358,0.738311
0.353553,0.532616,0.466312,0.408126,0.239324,0.754964
0.354968,0.525136,0.461609,0.405762,0.240293,0.737928
0.356382,0.517656,0.456905,0.403398,0.241262,0.720891
0.357796,0.510177,0.452202,0.401033,0.242231,0.703854
0.35921,0.502697,0.447498,0.398669,0.2432,0.686817
0.360624,0.495217,0.442795,0.396304,0.244169,0.669781
0.362039,0.487737,0.438091,0.39394,0.245138,0.652744
0.363453,0.480258,0.433388,0.391576,0.246106,0.635707
0.364867,0.472778,0.428685,0.389211,0.247075,0.618671
0.366281,0.465298,0.423981,0.386847,0.248044,0.601634
0.367696,0.457819,0.419278,0.384483,0.249013,0.584597
0.36911,0.450339,0.414574,0.382118,0.249982,0.56756
0.370524,0.442859,0.409871,0.379754,0.250951,0.550523
0.371938,0.435379,0.405167,0.377389,0.25192,0.533486
0.373352,0.4279,0.400464,0.375025,0.252889,0.51645
0.374767,0.42042,0.39576,0.372661,0.253858,0.499413
0.376181,0.41294,0.391057,0.370296,0.254826,0.482376
0.377595,0.40546,0.386353,0.367932,0.255795,0.46534
0.379009,0.397981,0.38165,0.365567,0.256764,0.448303
0.380423,0.390501,0.376946,0.363203,0.257733,0.431266
0.381838,0.383021,0.372243,0.360839,0.258702,0.414229
0.383252,0.375542,0.36754,0.358474,0.259671,0.397193
0.384666,0.368062,0.362836,0.35611,0.26064,0.380156
0.38608,0.360582,0.358133,0.353746,0.261609,0.363119
0.387495,0.353102,0.353429,0.351381,0.262578,0.346083
0.388909,0.345623,0.348726,0.349017,0.263547,0.329046
0.390323,0.338143,0.344022,0.346652,0.264515,0.312009
0.391737,0.330663,0.339319,0.344288,0.265484,0.294972
0.393151,0.323183,0.334615,0.341924,0.266453,0.277936
0.394566,0.315704,0.329912,0.339559,0.267422,0.260899
0.39598,0.308224,0.325208,0.337195,0.268391,0.243862
0.397394,0.300744,0.320505,0.334831,0.26936,0.226826
0.398808,0.293264,0.315801,0.332466,0.270329,0.209789
0.400222,0.285785,0.311098,0.330102,0.271298,0.192752
0.401637,0.278305,0.306395,0.327737,0.272267,0.175715
0.403051,0.270825,0.301691,0.325373,0.273235,0.158679
0.404465,0.263345,0.296988,0.323009,0.274204,0.141642
0.405879,0.255866,0.292284,0.320644,0.275173,0.124605
0.407293,0.248386,0.287581,0.31828,0.276142,0.107569
0.408708,0.240906,0.282877,0.315915,0.277111,0.0905316
0.410122,0.233427,0.278174,0.313551,0.27808,0.0734951
0.411536,0.225947,0.27347,0.311187,0.279049,0.0564581
0.41295,0.218467,0.268767,0.308822,0.280018,0.0394216
0.414365,0.210987,0.264063,0.306458,0.280987,0.0223845
0.415779,0.203508,0.25936,0.304094,0.281956,0.00534803
0.417193,0.196028,0.254657,0.301729,0.282924,-0.0116885
0.418607,0.188548,0.249953,0.299365,0.283893,-0.0287255
0.420021,0.181069,0.24525,0.297,0.284862,-0.045762
0.421436,0.173589,0.240546,0.294636,0.285831,-0.062799
0.42285,0.166109,0.235843,0.292272,0.2868,-0.0798355
0.424264,0.158629,0.231139,0.289907,0.287769,-0.0968721
0.425678,0.168526,0.238033,0.294353,0.28874,-0.0759187
0.427092,0.178423,0.244928,0.298799,0.289711,-0.0549653
0.428507,0.18832,0.251822,0.303246,0.290682,-0.0340113
0.429921,0.198216,0.258716,0.307692,0.291653,-0.0130579
0.431335,0.208113,0.26561,0.312138,0.292624,0.0078961
0.432749,0.21801,0.272504,0.316584,0.293595,0.0288495
0.434164,0.227907,0.279399,0.32103,0.294566,0.0498035
0.435578,0.237803,0.286293,0.325476,0.295537,0.0707569
0.436992,0.2477,0.293187,0.329923,0.296508,0.0917103
0.438406,0.257597,0.300081,0.334369,0.297479,0.112664
0.43982,0.267493,0.306975,0.338815,0.29845,0.133618
0.441235,0.27739,0.31387,0.343261,0.299421,0.154572
0.442649,0.287287,0.320764,0.347707,0.300392,0.175525
0.444063,0.297184,0.327658,0.352153,0.301363,0.196479
0.445477,0.307081,0.334552,0.3566,0.302333,0.217433
0.446892,0.316977,0.341447,0.361046,0.303304,0.238387
0.448306,0.326874,0.348341,0.365492,0.304275,0.25934
0.44972,0.336771,0.355235,0.369938,0.305246,0.280293
0.451134,0.346668,0.362129,0.374384,0.306217,0.301247
0.452548,0.356564,0.369023,0.37883,0.307188,0.322201
0.453963,0.366461,0.375918,0.383276,0.308159,0.343155
0.455377,0.376358,0.382812,0.387723,0.30913,0.364108
0.456791,0.386255,0.389706,0.392169,0.310101,0.385062
0.458205,0.396151,0.3966,0.396615,0.311072,0.406016
0.459619,0.406048,0.403494,0.401061,0.312043,0.426969
0.461034,0.415945,0.410389,0.405507,0.313014,0.447923
0.462448,0.425841,0.417283,0.409953,0.313985,0.468876
0.463862,0.435738,0.424177,0.4144,0.314956,0.48983
0.465276,0.445635,0.431071,0.418846,0.315927,0.510784
0.46669,0.455532,0.437966,0.423292,0.316898,0.531738
0.468105,0.465429,0.44486,0.427738,0.317869,0.552691
0.469519,0.475325,0.451754,0.432184,0.31884,0.573645
0.470933,0.485222,0.458648,0.43663,0.319811,0.594599
0.472347,0.495119,0.465542,0.441076,0.320782,0.615552
0.473762,0.505016,0.472437,0.445523,0.321753,0.636506
0.475176,0.514912,0.479331,0.449969,0.322724,0.657459
0.47659,0.524809,0.486225,0.454415,0.323695,0.678413
0.478004,0.534706,0.493119,0.458861,0.324666,0.699367
0.479418,0.544602,0.500013,0.463307,0.325637,0.72032
0.480833,0.554499,0.506908,0.467753,0.326608,0.741274
0.482247,0.564396,0.513802,0.472199,0.327579,0.762228
0.483661,0.574293,0.520696,0.476646,0.32855,0.783182
0.485075,0.584189,0.52759,0.481092,0.329521,0.804135
0.486489,0.594086,0.534485,0.485538,0.330492,0.825089
0.487904,0.603983,0.541379,0.489984,0.331463,0.846042
0.489318,0.61388,0.548273,0.49443,0.332434,0.866996
0.490732,0.623777,0.555167,0.498876,0.333405,0.88795
0.492146,0.633673,0.562061,0.503323,0.334376,0.908903
0.493561,0.64357,0.568956,0.507769,0.335346,0.929857
0.494975,0.653467,0.57585,0.512215,0.336317,0.950811
0.496389,0.645095,0.570677,0.509608,0.33729,0.929806
0.497803,0.636724,0.565504,0.507,0.338263,0.908802
0.499217,0.628353,0.560331,0.504393,0.339235,0.887798
0.500632,0.619982,0.555157,0.501786,0.340208,0.866794
0.502046,0.611611,0.549984,0.499179,0.34118,0.84579
0.50346,0.60324,0.544811,0.496571,0.342153,0.824785
0.504874,0.594869,0.539638,0.493964,0.343126,0.803781
0.506288,0.586498,0.534465,0.491357,0.344098,0.782777
0.507703,0.578126,0.529292,0.48875,0.345071,0.761773
0.509117,0.569755,0.524119,0.486142,0.346043,0.740768
0.510531,0.561384,0.518946,0.483535,0.347016,0.719764
0.511945,0.553013,0.513773,0.480928,0.347989,0.69876
0.51336,0.544642,0.5086,0.478321,0.348961,0.677756
0.514774,0.536271,0.503427,0.475713,0.349934,0.656752
0.516188,0.5279,0.498253,0.473106,0.350906,0.635747
0.517602,0.519528,0.49308,0.470499,0.351879,0.614743
0.519016,0.511157,0.487907,0.467892,0.352852,0.593739
0.520431,0.502786,0.482734,0.465284,0.353824,0.572735
0.521845,0.494415,0.477561,0.462677,0.354797,0.551731
0.523259,0.486044,0.472388,0.46007,0.355769,0.530726
0.524673,0.477673,0.467215,0.457463,0.356742,0.509722
0.526087,0.469302,0.462042,0.454855,0.357715,0.488718
0.527502,0.460931,0.456869,0.452248,0.358687,0.467714
0.528916,0.452559,0.451696,0.449641,0.35966,0.446709
0.53033,0.444188,0.446523,0.447034,0.360632,0.425705
0.531744,0.435817,0.44135,0.444426,0.361605,0.404701
0.533159,0.427446,0.436176,0.441819,0.362578,0.383697
0.534573,0.419075,0.431003,0.439212,0.36355,0.362693
0.535987,0.410704,0.42583,0.436605,0.364523,0.341688
0.537401,0.402333,0.420657,0.433997,0.365495,0.320684
0.538815,0.393961,0.415484,0.43139,0.366468,0.29968
0.54023,0.38559,0.410311,0.428783,0.367441,0.278676
0.541644,0.377219,0.405138,0.426176,0.368413,0.257672
0.543058,0.368848,0.399965,0.423568,0.369386,0.236667
0.544472,0.360477,0.394792,0.420961,0.370358,0.215663
0.545886,0.352106,0.389618,0.418354,0.371331,0.194659
0.547301,0.343735,0.384445,0.415747,0.372304,0.173655
0.548715,0.335363,0.379272,0.413139,0.373276,0.15265
0.550129,0.326992,0.374099,0.410532,0.374249,0.131646
0.551543,0.318621,0.368926,0.407925,0.375221,0.110642
0.552958,0.31025,0.363753,0.405318,0.376194,0.0896379
0.554372,0.301879,0.35858,0.40271,0.377167,0.0686339
0.555786,0.293508,0.353407,0.400103,0.378139,0.0476293
0.5572,0.285137,0.348234,0.397496,0.379112,0.0266254
0.558614,0.276765,0.343061,0.394889,0.380084,0.00562083
0.560029,0.268394,0.337888,0.392281,0.381057,-0.0153831
0.561443,0.260023,0.332714,0.389674,0.38203,-0.0363877
0.562857,0.251652,0.327541,0.387067,0.383002,-0.0573916
0.564271,0.243281,0.322368,0.38446,0.383975,-0.0783956
0.565685,0.23491,0.317195,0.381852,0.384947,-0.0993999
0.5671,0.245703,0.324532,0.386519,0.385921,-0.0739266
0.568514,0.256497,0.331869,0.391187,0.386895,-0.0484526
0.569928,0.26729,0.339206,0.395854,0.387869,-0.0229794
0.571342,0.278084,0.346543,0.400521,0.388843,0.0024946
0.572756,0.288878,0.35388,0.405188,0.389817,0.0279678
0.574171,0.299671,0.361217,0.409855,0.390791,0.0534411
0.575585,0.310465,0.368554,0.414522,0.391764,0.0789151
0.576999,0.321258,0.375891,0.419189,0.392738,0.104388
0.578413,0.332052,0.383228,0.423856,0.393712,0.129862
0.579828,0.342846,0.390565,0.428523,0.394686,0.155336
0.581242,0.353639,0.397902,0.43319,0.39566,0.18081
0.582656,0.364433,0.405239,0.437857,0.396634,0.206283
0.58407,0.375226,0.412576,0.442524,0.397608,0.231756
0.585484,0.38602,0.419913,0.447191,0.398582,0.25723
0.586899,0.396813,0.427249,0.451858,0.399555,0.282703
0.588313,0.407607,0.434587,0.456525,0.400529,0.308177
0.589727,0.418401,0.441923,0.461192,0.401503,0.33365
0.591141,0.429194,0.44926,0.46586,0.402477,0.359124
0.592555,0.439988,0.456597,0.470527,0.403451,0.384598
0.59397,0.450781,0.463934,0.475194,0.404425,0.410071
0.595384,0.461575,0.471271,0.479861,0.405399,0.435545
0.596798,0.472369,0.478608,0.484528,0.406373,0.461018
0.598212,0.483162,0.485945,0.489195,0.407346,0.486492
0.599627,0.493956,0.493282,0.493862,0.40832,0.511965
0.601041,0.50475,0.500619,0.498529,0.409294,0.537439
0.602455,0.515543,0.507956,0.503196,0.410268,0.562913
0.603869,0.526336,0.515293,0.507863,0.411242,0.588386
0.605283,0.53713,0.52263,0.51253,0.412216,0.61386
0.606698,0.547924,0.529967,0.517197,0.41319,0.639333
0.608112,0.558717,0.537304,0.521864,0.414164,0.664807
0.609526,0.569511,0.544641,0.526531,0.415137,0.69028
0.61094,0.580305,0.551978,0.531199,0.416111,0.715754
0.612354,0.591098,0.559315,0.535866,0.417085,0.741228
0.613769,0.601892,0.566652,0.540533,0.418059,0.766701
0.615183,0.612685,0.573989,0.5452,0.419033,0.792175
0.616597,0.623479,0.581325,0.549867,0.420007,0.817648
0.618011,0.634273,0.588663,0.554534,0.420981,0.843122
0.619426,0.645066,0.595999,0.559201,0.421955,0.868595
0.62084,0.65586,0.603336,0.563868,0.422928,0.894069
0.622254,0.666653,0.610673,0.568535,0.423902,0.919542
0.623668,0.677447,0.61801,0.573202,0.424876,0.945016
0.625082,0.68824,0.625347,0.577869,0.42585,0.97049
0.626497,0.699034,0.632684,0.582536,0.426824,0.995963
0.627911,0.709828,0.640021,0.587203,0.427798,1.02144
0.629325,0.720621,0.647358,0.59187,0.428772,1.04691
0.630739,0.731415,0.654695,0.596538,0.429746,1.07238
0.632153,0.742208,0.662032,0.601205,0.430719,1.09786
0.633568,0.753002,0.669369,0.605872,0.431693,1.12333
0.634982,0.763796,0.676706,0.610539,0.432667,1.1488
0.636396,0.774589,0.684043,0.615206,0.433641,1.17428
0.63781,0.765372,0.67855,0.612475,0.434616,1.14722
0.639225,0.756155,0.673057,0.609744,0.435591,1.12016
0.640639,0.746938,0.667564,0.607013,0.436566,1.09309
0.642053,0.737721,0.662071,0.604282,0.437541,1.06603
0.643467,0.728504,0.656578,0.601551,0.438515,1.03897
0.644881,0.719287,0.651085,0.59882,0.43949,1.01191
0.646296,0.71007,0.645592,0.596089,0.440465,0.984849
0.64771,0.700853,0.640099,0.593358,0.44144,0.957787
0.649124,0.691636,0.634606,0.590627,0.442415,0.930726
0.650538,0.682419,0.629113,0.587896,0.44339,0.903665
0.651952,0.673202,0.62362,0.585165,0.444365,0.876604
0.653367,0.663985,0.618127,0.582434,0.44534,0.849542
0.654781,0.654768,0.612634,0.579703,0.446314,0.822481
0.656195,0.645551,0.607141,0.576972,0.447289,0.79542
0.657609,0.636334,0.601648,0.574241,0.448264,0.768358
0.659024,0.627117,0.596155,0.57151,0.449239,0.741297
0.660438,0.6179,0.590662,0.568779,0.450214,0.714235
0.661852,0.608683,0.585169,0.566048,0.451189,0.687174
0.663266,0.599465,0.579676,0.563317,0.452164,0.660113
0.66468,0.590249,0.574183,0.560586,0.453139,0.633052
0.666095,0.581032,0.56869,0.557855,0.454113,0.605991
0.667509,0.571814,0.563197,0.555124,0.455088,0.578929
0.668923,0.562598,0.557704,0.552393,0.456063,0.551868
0.670337,0.55338,0.552211,0.549662,0.457038,0.524806
0.671751,0.544163,0.546718,0.546931,0.458013,0.497745
0.673166,0.534946,0.541225,0.5442,0.458988,0.470683
0.67458,0.525729,0.535732,0.541469,0.459963,0.443622
0.675994,0.516512,0.530239,0.538738,0.460938,0.416561
0.677408,0.507295,0.524746,0.536007,0.461912,0.389499
0.678823,0.498078,0.519253,0.533276,0.462887,0.362438
0.680237,0.488861,0.51376,0.530545,0.463862,0.335377
0.681651,0.479644,0.508267,0.527814,0.464837,0.308316
0.683065,0.470427,0.502774,0.525083,0.465812,0.281254
0.684479,0.46121,0.497281,0.522352,0.466787,0.254193
0.685894,0.451993,0.491788,0.519621,0.467762,0.227131
0.687308,0.442776,0.486295,0.51689,0.468737,0.20007
0.688722,0.433559,0.480802,0.514159,0.469711,0.173009
0.690136,0.424342,0.475309,0.511428,0.470686,0.145947
0.69155,0.415125,0.469816,0.508697,0.471661,0.118886
0.692965,0.405908,0.464323,0.505965,0.472636,0.0918245
0.694379,0.396691,0.45883,0.503235,0.473611,0.0647636
0.695793,0.387474,0.453337,0.500503,0.474586,0.0377018
0.697207,0.378257,0.447844,0.497773,0.475561,0.0106408
0.698622,0.36904,0.442352,0.495042,0.476536,-0.0164202
0.700036,0.359823,0.436858,0.49231,0.477511,-0.043482
0.70145,0.350606,0.431366,0.48958,0.478485,-0.070543
0.702864,0.341389,0.425872,0.486848,0.47946,-0.0976048
0.704278,0.332172,0.42038,0.484117,0.480435,-0.124666
0.705693,0.322955,0.414886,0.481386,0.48141,-0.151728
0.707107,0.313738,0.409394,0.478655,0.482385,-0.178789
0.708521,0.325411,0.417081,0.483441,0.483361,-0.14524
0.709935,0.337084,0.424768,0.488227,0.484336,-0.111692
0.711349,0.348758,0.432456,0.493012,0.485312,-0.0781423
0.712764,0.360431,0.440144,0.497798,0.486288,-0.0445942
0.714178,0.372105,0.447831,0.502584,0.487263,-0.0110461
0.715592,0.383778,0.455518,0.507369,0.488239,0.022502
0.717006,0.395452,0.463206,0.512155,0.489215,0.0560521
0.718421,0.407125,0.470894,0.516941,0.49019,0.0896002
0.719835,0.418799,0.478581,0.521726,0.491166,0.123148
0.721249,0.430472,0.486269,0.526512,0.492142,0.156696
0.722663,0.442145,0.493956,0.531297,0.493117,0.190244
0.724077,0.453819,0.501644,0.536083,0.494093,0.223795
0.725492,0.465492,0.509331,0.540869,0.495069,0.257343
0.726906,0.477166,0.517019,0.545654,0.496045,0.290891
0.72832,0.488839,0.524706,0.55044,0.49702,0.324439
0.729734,0.500512,0.532394,0.555225,0.497996,0.357987
0.731148,0.512186,0.540081,0.560011,0.498972,0.391537
0.732563,0.523859,0.547769,0.564797,0.499947,0.425085
0.733977,0.535533,0.555456,0.569582,0.500923,0.458633
0.735391,0.547206,0.563144,0.574368,0.501899,0.492181
0.736805,0.55888,0.570831,0.579154,0.502874,0.525731
0.738219,0.570553,0.578519,0.583939,0.50385,0.55928
0.739634,0.582227,0.586206,0.588725,0.504826,0.592828
0.741048,0.5939,0.593894,0.593511,0.505801,0.626376
0.742462,0.605573,0.601581,0.598296,0.506777,0.659924
0.743876,0.617247,0.609269,0.603082,0.507753,0.693474
0.745291,0.62892,0.616956,0.607868,0.508729,0.727022
0.746705,0.640594,0.624644,0.612653,0.509704,0.76057
0.748119,0.652267,0.632331,0.617439,0.51068,0.794118
0.749533,0.66394,0.640019,0.622224,0.511656,0.827666
0.750947,0.675614,0.647706,0.62701,0.512631,0.861216
0.752362,0.687287,0.655394,0.631796,0.513607,0.894764
0.753776,0.698961,0.663081,0.636581,0.514583,0.928313
0.75519,0.710634,0.670769,0.641367,0.515558,0.961861
0.756604,0.722308,0.678457,0.646153,0.516534,0.995411
0.758018,0.733981,0.686144,0.650938,0.51751,1.02896
0.759433,0.745655,0.693831,0.655724,0.518485,1.06251
0.760847,0.757328,0.701519,0.660509,0.519461,1.09606
0.762261,0.769001,0.709206,0.665295,0.520437,1.1296
0.763675,0.780675,0.716894,0.670081,0.521413,1.16315
0.76509,0.792348,0.724582,0.674866,0.522388,1.1967
0.766504,0.804022,0.732269,0.679652,0.523364,1.23025
0.767918,0.815695,0.739956,0.684438,0.52434,1.2638
0.769332,0.827369,0.747644,0.689223,0.525315,1.29735
0.770746,0.839042,0.755332,0.694009,0.526291,1.3309
0.772161,0.850715,0.763019,0.698795,0.527267,1.36444
0.773575,0.862389,0.770706,0.70358,0.528242,1.39799
0.774989,0.874062,0.778394,0.708366,0.529218,1.43154
0.776403,0.885736,0.786082,0.713152,0.530194,1.46509
0.777817,0.897409,0.793769,0.717937,0.531169,1.49864
0.779232,0.887391,0.787989,0.715156,0.532146,1.46265
0.780646,0.877373,0.782209,0.712374,0.533122,1.42666
0.78206,0.867356,0.77643,0.709593,0.534099,1.39067
0.783474,0.857337,0.77065,0.706812,0.535075,1.35467
0.784889,0.84732,0.76487,0.704031,0.536052,1.31868
0.786303,0.837302,0.75909,0.701249,0.537028,1.28269
0.787717,0.827284,0.75331,0.698468,0.538004,1.2467
0.789131,0.817266,0.74753,0.695687,0.538981,1.21071
0.790545,0.807248,0.741751,0.692905,0.539957,1.17472
0.79196,0.79723,0.735971,0.690124,0.540934,1.13873
0.793374,0.787212,0.730191,0.687343,0.54191,1.10274
0.794788,0.777195,0.724411,0.684562,0.542887,1.06675
0.796202,0.767176,0.718631,0.68178,0.543863,1.03076
0.797616,0.757158,0.712851,0.678999,0.54484,0.994768
0.799031,0.747141,0.707072,0.676218,0.545816,0.958778
0.800445,0.737123,0.701292,0.673436,0.546792,0.922788
0.801859,0.727105,0.695512,0.670655,0.547769,0.886798
0.803273,0.717087,0.689732,0.667874,0.548745,0.850806
0.804688,0.707069,0.683952,0.665093,0.549722,0.814815
0.806102,0.697051,0.678173,0.662311,0.550698,0.778825
0.807516,0.687033,0.672393,0.65953,0.551675,0.742835
0.80893,0.677015,0.666613,0.656749,0.552651,0.706843
0.810344,0.666997,0.660833,0.653967,0.553627,0.670853
0.811759,0.656979,0.655053,0.651186,0.554604,0.634862
0.813173,0.646962,0.649274,0.648405,0.55558,0.598872
0.814587,0.636944,0.643494,0.645624,0.556557,0.562882
0.816001,0.626926,0.637714,0.642842,0.557533,0.52689
0.817415,0.616908,0.631934,0.640061,0.55851,0.4909
0.81883,0.60689,0.626154,0.63728,0.559486,0.454909
0.820244,0.596872,0.620375,0.634499,0.560462,0.418919
0.821658,0.586854,0.614595,0.631717,0.561439,0.382929
0.823072,0.576836,0.608815,0.628936,0.562415,0.346937
0.824486,0.566818,0.603035,0.626155,0.563392,0.310946
0.825901,0.556801,0.597255,0.623373,0.564368,0.274956
0.827315,0.546783,0.591475,0.620592,0.565345,0.238966
0.828729,0.536764,0.585695,0.617811,0.566321,0.202974
0.830143,0.526747,0.579916,0.615029,0.567298,0.166984
0.831558,0.516729,0.574136,0.612248,0.568274,0.130993
0.832972,0.506711,0.568356,0.609467,0.56925,0.0950033
0.834386,0.496693,0.562576,0.606686,0.570227,0.0590131
0.8358,0.486675,0.556796,0.603904,0.571203,0.0230208
0.837214,0.476657,0.551017,0.601123,0.57218,-0.0129694
0.838629,0.466639,0.545237,0.598342,0.573156,-0.0489596
0.840043,0.456622,0.539457,0.595561,0.574133,-0.0849498
0.841457,0.446603,0.533677,0.592779,0.575109,-0.120942
0.842871,0.436585,0.527897,0.589998,0.576085,-0.156932
0.844285,0.426568,0.522117,0.587217,0.577062,-0.192922
0.8457,0.41655,0.516338,0.584435,0.578038,-0.228913
0.847114,0.406532,0.510558,0.581654,0.579015,-0.264903
0.848528,0.396514,0.504778,0.578873,0.579991,-0.300893
0.849942,0.408652,0.512513,0.58359,0.580969,-0.259803
0.851357,0.42079,0.520247,0.588307,0.581946,-0.218713
0.852771,0.432928,0.527982,0.593024,0.582923,-0.177623
0.854185,0.445066,0.535716,0.597741,0.583901,-0.136533
0.855599,0.457205,0.543451,0.602459,0.584878,-0.0954405
0.857013,0.469343,0.551185,0.607176,0.585856,-0.0543504
0.858428,0.481481,0.55892,0.611893,0.586833,-0.0132603
0.859842,0.493619,0.566654,0.61661,0.58781,0.0278297
0.861256,0.505758,0.574389,0.621327,0.588788,0.0689222
0.86267,0.517896,0.582124,0.626045,0.589765,0.110012
0.864084,0.530034,0.589858,0.630762,0.590743,0.151102
0.865499,0.542172,0.597593,0.635479,0.59172,0.192192
0.866913,0.55431,0.605327,0.640196,0.592697,0.233283
0.868327,0.566449,0.613062,0.644913,0.593675,0.274375
0.869741,0.578587,0.620796,0.64963,0.594652,0.315465
0.871156,0.590725,0.628531,0.654347,0.59563,0.356555
0.87257,0.602863,0.636265,0.659065,0.596607,0.397645
0.873984,0.615001,0.644,0.663782,0.597584,0.438735
0.875398,0.627139,0.651735,0.668499,0.598562,0.479828
0.876812,0.639277,0.659469,0.673216,0.599539,0.520918
0.878227,0.651415,0.667204,0.677933,0.600517,0.562008
0.879641,0.663553,0.674938,0.68265,0.601494,0.603098
0.881055,0.675692,0.682673,0.687368,0.602472,0.644191
0.882469,0.68783,0.690407,0.692085,0.603449,0.685281
0.883883,0.699968,0.698142,0.696802,0.604426,0.726371
0.885298,0.712106,0.705876,0.701519,0.605404,0.767461
0.886712,0.724244,0.713611,0.706236,0.606381,0.808551
0.888126,0.736383,0.721346,0.710954,0.607359,0.849643
0.88954,0.748521,0.72908,0.715671,0.608336,0.890733
0.890955,0.760659,0.736815,0.720388,0.609313,0.931823
0.892369,0.772797,0.744549,0.725105,0.610291,0.972914
0.893783,0.784936,0.752284,0.729822,0.611268,1.01401
0.895197,0.797074,0.760018,0.734539,0.612246,1.0551
0.896611,0.809212,0.767753,0.739257,0.613223,1.09619
0.898026,0.82135,0.775487,0.743974,0.6142,1.13728
0.89944,0.833488,0.783222,0.748691,0.615178,1.17837
0.900854,0.845626,0.790957,0.753408,0.616155,1.21946
0.902268,0.857764,0.798691,0.758125,0.617133,1.26055
0.903682,0.869902,0.806426,0.762842,0.61811,1.30164
0.905097,0.88204,0.81416,0.767559,0.619087,1.34273
0.906511,0.894178,0.821895,0.772277,0.620065,1.38382
0.907925,0.906317,0.829629,0.776994,0.621042,1.42491
0.909339,0.918455,0.837364,0.781711,0.62202,1.466
0.910754,0.930593,0.845098,0.786428,0.622997,1.50709
0.912168,0.942731,0.852833,0.791145,0.623974,1.54818
0.913582,0.95487,0.860568,0.795863,0.624952,1.58927
0.914996,0.967008,0.868302,0.80058,0.625929,1.63036
0.91641,0.979146,0.876037,0.805297,0.626907,1.67145
0.917825,0.991284,0.883771,0.810014,0.627884,1.71254
0.919239,1.00342,0.891506,0.814731,0.628861,1.75363
0.920653,0.992898,0.885545,0.811781,0.629841,1.71263
0.922067,0.982374,0.879585,0.808831,0.630821,1.67163
0.923481,0.971851,0.873625,0.805881,0.6318,1.63063
0.924896,0.961327,0.867665,0.80293,0.63278,1.58963
0.92631,0.950803,0.861705,0.79998,0.633759,1.54863
0.927724,0.940279,0.855745,0.79703,0.634739,1.50763
0.929138,0.929755,0.849785,0.79408,0.635718,1.46663
0.930553,0.919232,0.843825,0.791129,0.636698,1.42563
0.931967,0.908708,0.837865,0.788179,0.637677,1.38462
0.933381,0.898184,0.831904,0.785229,0.638657,1.34362
0.934795,0.88766,0.825944,0.782278,0.639636,1.30262
0.936209,0.877136,0.819984,0.779328,0.640616,1.26162
0.937624,0.866613,0.814024,0.776378,0.641595,1.22062
0.939038,0.856089,0.808064,0.773428,0.642575,1.17962
0.940452,0.845564,0.802104,0.770477,0.643554,1.13861
0.941866,0.835041,0.796144,0.767527,0.644534,1.09761
0.94328,0.824517,0.790184,0.764577,0.645513,1.05661
0.944695,0.813993,0.784224,0.761627,0.646493,1.01561
0.946109,0.803469,0.778263,0.758676,0.647473,0.974609
0.947523,0.792945,0.772303,0.755726,0.648452,0.933608
0.948937,0.782422,0.766343,0.752776,0.649432,0.892607
0.950351,0.771898,0.760383,0.749826,0.650411,0.851606
0.951766,0.761374,0.754423,0.746876,0.651391,0.810606
0.95318,0.75085,0.748462,0.743925,0.65237,0.769602
0.954594,0.740326,0.742502,0.740975,0.65335,0.728602
0.956008,0.729803,0.736542,0.738025,0.654329,0.687601
0.957423,0.719279,0.730582,0.735075,0.655309,0.6466
0.958837,0.708755,0.724622,0.732124,0.656288,0.605599
0.960251,0.698231,0.718662,0.729174,0.657268,0.564596
0.961665,0.687707,0.712702,0.726224,0.658247,0.523595
0.963079,0.677183,0.706742,0.723274,0.659227,0.482594
0.964494,0.66666,0.700782,0.720323,0.660206,0.441593
0.965908,0.656135,0.694821,0.717373,0.661186,0.40059
0.967322,0.645612,0.688861,0.714423,0.662165,0.359589
0.968736,0.635088,0.682901,0.711473,0.663145,0.318588
0.97015,0.624564,0.676941,0.708522,0.664125,0.277588
0.971565,0.614041,0.670981,0.705572,0.665104,0.236587
0.972979,0.603516,0.665021,0.702622,0.666084,0.195584
0.974393,0.592993,0.659061,0.699672,0.667063,0.154583
0.975807,0.582469,0.653101,0.696721,0.668043,0.113582
0.977222,0.571945,0.647141,0.693771,0.669022,0.0725812
0.978636,0.561422,0.64118,0.690821,0.670002,0.0315803
0.98005,0.550897,0.63522,0.687871,0.670981,-0.00942291
0.981464,0.540374,0.62926,0.68492,0.671961,-0.0504237
0.982878,0.52985,0.6233,0.68197,0.67294,-0.0914245
0.984293,0.519326,0.61734,0.67902,0.67392,-0.132425
0.985707,0.508802,0.61138,0.67607,0.674899,-0.173429
0.987121,0.498278,0.605419,0.673119,0.675879,-0.214429
0.988535,0.487754,0.599459,0.670169,0.676858,-0.25543
0.989949,0.477231,0.593499,0.667219,0.677838,-0.296431
0.991364,0.490102,0.601518,0.671842,0.678824,-0.250385
0.992778,0.502975,0.609537,0.676465,0.67981,-0.204334
0.994192,0.515847,0.617556,0.681087,0.680796,-0.158287
0.995606,0.528718,0.625575,0.68571,0.681782,-0.112239
0.997021,0.54159,0.633594,0.690333,0.682768,-0.0661914
0.998435,0.554462,0.641613,0.694956,0.683754,-0.0201438
0.999849,0.567335,0.649632,0.699579,0.68474,0.0259065
1.00126,0.580206,0.657651,0.704201,0.685726,0.0719541
1.00268,0.593078,0.66567,0.708824,0.686712,0.118002
1.00409,0.60595,0.673689,0.713447,0.687698,0.164049
1.00551,0.618823,0.681708,0.71807,0.688684,0.2101
1.00692,0.631694,0.689727,0.722693,0.68967,0.256147
1.00833,0.644566,0.697746,0.727315,0.690656,0.302195
1.00975,0.657438,0.705764,0.731938,0.691642,0.348242
1.01116,0.67031,0.713783,0.736561,0.692628,0.39429
1.01258,0.683182,0.721803,0.741184,0.693614,0.44034
1.01399,0.696054,0.729821,0.745807,0.6946,0.486388
1.01541,0.708926,0.73784,0.750429,0.695586,0.532435
1.01682,0.721798,0.745859,0.755052,0.696572,0.578483
1.01823,0.73467,0.753879,0.759675,0.697558,0.624533
1.01965,0.747542,0.761897,0.764298,0.698544,0.670581
1.02106,0.760414,0.769916,0.768921,0.69953,0.716629
1.02248,0.773286,0.777935,0.773543,0.700516,0.762676
1.02389,0.786158,0.785954,0.778166,0.701502,0.808724
1.0253,0.79903,0.793973,0.782789,0.702488,0.854774
1.02672,0.811902,0.801992,0.787412,0.703474,0.900822
1.02813,0.824774,0.810011,0.792035,0.704461,0.946869
1.02955,0.837646,0.81803,0.796657,0.705447,0.992917
1.03096,0.850517,0.826049,0.80128,0.706433,1.03896
1.03238,0.86339,0.834068,0.805903,0.707419,1.08501
1.03379,0.876262,0.842087,0.810526,0.708405,1.13106
1.0352,0.889134,0.850106,0.815148,0.709391,1.17711
1.03662,0.902005,0.858124,0.819771,0.710377,1.22316
1.03803,0.914878,0.866144,0.824394,0.711363,1.26921
1.03945,0.92775,0.874163,0.829017,0.712349,1.31526
1.04086,0.940622,0.882182,0.83364,0.713335,1.3613
1.04228,0.953493,0.8902,0.838262,0.714321,1.40735
1.04369,0.966365,0.898219,0.842885,0.715307,1.4534
1.0451,0.979238,0.906239,0.847508,0.716293,1.49945
1.04652,0.99211,0.914257,0.852131,0.717279,1.5455
1.04793,1.00498,0.922276,0.856754,0.718265,1.59154
1.04935,1.01785,0.930295,0.861376,0.719251,1.63759
1.05076,1.03072,0.938314,0.865999,0.720237,1.68364
1.05217,1.0436,0.946333,0.870622,0.721223,1.72969
1.05359,1.05647,0.954352,0.875245,0.722209,1.77574
1.055,1.06934,0.962371,0.879868,0.723195,1.82178
1.05642,1.08221,0.97039,0.88449,0.724181,1.86783
1.05783,1.09509,0.978409,0.889113,0.725167,1.91388
1.05925,1.10796,0.986428,0.893736,0.726153,1.95993
1.06066,1.12083,0.994447,0.898359,0.727139,2.00598
1.06207,1.10991,0.988353,0.895118,0.728148,1.95424
1.06349,1.09899,0.982258,0.891876,0.729157,1.90251
1.0649,1.08807,0.976164,0.888635,0.730166,1.85077
1.06632,1.07715,0.97007,0.885393,0.731175,1.79904
1.06773,1.06623,0.963975,0.882152,0.732184,1.74731
1.06915,1.05531,0.957881,0.87891,0.733193,1.69557
1.07056,1.04439,0.951787,0.875669,0.734202,1.64384
1.07197,1.03347,0.945693,0.872428,0.735211,1.5921
1.07339,1.02255,0.939598,0.869186,0.73622,1.54037
1.0748,1.01163,0.933504,0.865945,0.737228,1.48864
1.07622,1.00071,0.92741,0.862703,0.738237,1.4369
1.07763,0.989785,0.921315,0.859462,0.739246,1.38517
1.07904,0.978865,0.915221,0.85622,0.740255,1.33343
1.08046,0.967945,0.909127,0.852979,0.741264,1.2817
1.08187,0.957025,0.903033,0.849738,0.742273,1.22996
1.08329,0.946105,0.896939,0.846496,0.743282,1.17823
1.0847,0.935184,0.890844,0.843255,0.744291,1.12649
1.08612,0.924264,0.88475,0.840013,0.7453,1.07476
1.08753,0.913343,0.878656,0.836772,0.746309,1.02303
1.08894,0.902423,0.872561,0.833531,0.747318,0.971294
1.09036,0.891502,0.866467,0.830289,0.748327,0.919557
1.09177,0.880582,0.860373,0.827048,0.749336,0.867824
1.09319,0.869662,0.854279,0.823806,0.750345,0.81609
1.0946,0.858742,0.848184,0.820565,0.751354,0.764356
1.09602,0.847822,0.84209,0.817324,0.752363,0.712623
1.09743,0.836901,0.835996,0.814082,0.753372,0.660886
1.09884,0.825981,0.829901,0.810841,0.754381,0.609153
1.10026,0.815061,0.823807,0.807599,0.75539,0.557419
1.10167,0.80414,0.817713,0.804358,0.756398,0.505686
1.10309,0.79322,0.811619,0.801116,0.757407,0.453952
1.1045,0.782299,0.805524,0.797875,0.758416,0.402215
1.10592,0.771379,0.79943,0.794634,0.759425,0.350482
1.10733,0.760459,0.793336,0.791392,0.760434,0.298748
1.10874,0.749539,0.787242,0.788151,0.761443,0.247015
1.11016,0.738618,0.781147,0.784909,0.762452,0.195278
1.11157,0.727698,0.775053,0.781668,0.763461,0.143544
1.11299,0.716778,0.768959,0.778426,0.76447,0.0918108
1.1144,0.705858,0.762864,0.775185,0.765479,0.0400773
1.11581,0.694937,0.75677,0.771944,0.766488,-0.0116563
1.11723,0.684017,0.750676,0.768702,0.767497,-0.0633929
1.11864,0.673096,0.744582,0.765461,0.768506,-0.115127
1.12006,0.662176,0.738487,0.762219,0.769515,-0.16686
1.12147,0.651256,0.732393,0.758978,0.770524,-0.218594
1.12289,0.640335,0.726299,0.755736,0.771533,-0.27033
1.1243,0.629415,0.720204,0.752495,0.772542,-0.322064
1.12571,0.618495,0.71411,0.749254,0.773551,-0.373797
1.12713,0.607575,0.708016,0.746012,0.77456,-0.425531
1.12854,0.596655,0.701922,0.742771,0.775568,-0.477265
1.12996,0.585734,0.695827,0.739529,0.776577,-0.529001
1.13137,0.574814,0.689733,0.736288,0.777586,-0.580733
1.13279,0.587699,0.697118,0.739301,0.778684,-0.514002
1.1342,0.600584,0.704502,0.742315,0.779782,-0.447271
1.13561,0.61347,0.711887,0.745328,0.78088,-0.380539
1.13703,0.626356,0.719272,0.748342,0.781978,-0.313804
1.13844,0.639241,0.726656,0.751355,0.783076,-0.247072
1.13986,0.652126,0.734041,0.754368,0.784174,-0.180341
1.14127,0.665012,0.741425,0.757382,0.785272,-0.11361
1.14268,0.677898,0.74881,0.760395,0.78637,-0.0468743
1.1441,0.690783,0.756195,0.763409,0.787468,0.0198571
1.14551,0.703668,0.76358,0.766422,0.788566,0.0865885
1.14693,0.716553,0.770964,0.769435,0.789664,0.15332
1.14834,0.729439,0.778349,0.772449,0.790762,0.220051
1.14976,0.742325,0.785734,0.775462,0.791861,0.286787
1.15117,0.75521,0.793118,0.778476,0.792959,0.353518
1.15258,0.768095,0.800503,0.781489,0.794057,0.420249
1.154,0.780981,0.807887,0.784502,0.795155,0.486981
1.15541,0.793866,0.815272,0.787516,0.796253,0.553712
1.15683,0.806752,0.822657,0.790529,0.797351,0.620448
1.15824,0.819637,0.830041,0.793543,0.798449,0.687179
1.15966,0.832523,0.837426,0.796556,0.799547,0.75391
1.16107,0.845408,0.84481,0.799569,0.800645,0.820642
1.16248,0.858294,0.852195,0.802583,0.801743,0.887377
1.1639,0.871179,0.85958,0.805596,0.802841,0.954109
1.16531,0.884064,0.866964,0.80861,0.803939,1.02084
1.16673,0.89695,0.874349,0.811623,0.805037,1.08757
1.16814,0.909835,0.881734,0.814636,0.806135,1.1543
1.16955,0.922721,0.889119,0.81765,0.807233,1.22104
1.17097,0.935606,0.896503,0.820663,0.808331,1.28777
1.17238,0.948492,0.903888,0.823676,0.809429,1.3545
1.1738,0.961377,0.911272,0.82669,0.810527,1.42123
1.17521,0.974262,0.918657,0.829703,0.811625,1.48796
1.17663,0.987148,0.926042,0.832717,0.812723,1.5547
1.17804,1.00003,0.933426,0.83573,0.813821,1.62143
1.17945,1.01292,0.940811,0.838743,0.814919,1.68816
1.18087,1.0258,0.948195,0.841757,0.816017,1.75489
1.18228,1.03869,0.95558,0.84477,0.817115,1.82163
1.1837,1.05158,0.962965,0.847784,0.818213,1.88836
1.18511,1.06446,0.970349,0.850797,0.819311,1.95509
1.18653,1.07735,0.977734,0.85381,0.820409,2.02182
1.18794,1.09023,0.985118,0.856824,0.821507,2.08855
1.18935,1.10312,0.992503,0.859837,0.822605,2.15529
1.19077,1.116,0.999888,0.862851,0.823703,2.22202
1.19218,1.12889,1.00727,0.865864,0.824801,2.28875
1.1936,1.14177,1.01466,0.868877,0.825899,2.35548
1.19501,1.15466,1.02204,0.871891,0.826997,2.42222
1.19642,1.16754,1.02943,0.874904,0.828095,2.48895
1.19784,1.18043,1.03681,0.877918,0.829193,2.55568
1.19925,1.19331,1.0442,0.880931,0.830291,2.62241
1.20067,1.2062,1.05158,0.883944,0.831389,2.68914
1.20208,1.21909,1.05896,0.886958,0.832487,2.75588
1.2035,1.20878,1.05208,0.881616,0.833961,2.67839
1.20491,1.19847,1.0452,0.876274,0.835434,2.6009
1.20632,1.18817,1.03832,0.870932,0.836908,2.52341
1.20774,1.17786,1.03144,0.86559,0.838381,2.44593
1.20915,1.16756,1.02456,0.860248,0.839855,2.36843
1.21057,1.15725,1.01768,0.854906,0.841329,2.29095
1.21198,1.14694,1.0108,0.849564,0.842802,2.21346
1.2134,1.13664,1.00392,0.844222,0.844276,2.13597
1.21481,1.12633,0.997041,0.83888,0.84575,2.05848
1.21622,1.11603,0.990161,0.833538,0.847223,1.98099
1.21764,1.10572,0.983281,0.828196,0.848697,1.9035
1.21905,1.09541,0.9764,0.822854,0.850171,1.82602
1.22047,1.08511,0.96952,0.817512,0.851644,1.74853
1.22188,1.0748,0.962639,0.81217,0.853118,1.67104
1.22329,1.06449,0.955759,0.806828,0.854591,1.59355
1.22471,1.05419,0.948879,0.801486,0.856065,1.51606
1.22612,1.04388,0.941999,0.796145,0.857539,1.43858
1.22754,1.03358,0.935118,0.790803,0.859012,1.36109
1.22895,1.02327,0.928238,0.785461,0.860486,1.2836
1.23037,1.01296,0.921357,0.780119,0.86196,1.20611
1.23178,1.00266,0.914477,0.774777,0.863433,1.12862
1.23319,0.992353,0.907597,0.769435,0.864907,1.05113
1.23461,0.982046,0.900716,0.764093,0.866381,0.973641
1.23602,0.97174,0.893836,0.758751,0.867854,0.896154
1.23744,0.961434,0.886955,0.753409,0.869328,0.818666
1.23885,0.951128,0.880075,0.748067,0.870801,0.741179
1.24027,0.940823,0.873195,0.742725,0.872275,0.663691
1.24168,0.930516,0.866314,0.737383,0.873749,0.586199
1.24309,0.92021,0.859434,0.732041,0.875222,0.508712
1.24451,0.909904,0.852553,0.726699,0.876696,0.431224
1.24592,0.899598,0.845673,0.721357,0.87817,0.353737
1.24734,0.889292,0.838792,0.716015,0.879643,0.276245
1.24875,0.878986,0.831912,0.710673,0.881117,0.198757
1.25016,0.86868,0.825032,0.705331,0.88259,0.12127
1.25158,0.858374,0.818152,0.699989,0.884064,0.0437824
1.25299,0.848068,0.811271,0.694647,0.885538,-0.0337051
1.25441,0.837761,0.80439,0.689305,0.887011,-0.111197
1.25582,0.827455,0.79751,0.683963,0.888485,-0.188685
1.25724,0.81715,0.79063,0.678621,0.889959,-0.266172
1.25865,0.806844,0.78375,0.67328,0.891432,-0.34366
1.26006,0.796538,0.776869,0.667938,0.892906,-0.421147
1.26148,0.786231,0.769989,0.662595,0.89438,-0.498639
1.26289,0.775925,0.763108,0.657254,0.895853,-0.576127
1.26431,0.765619,0.756228,0.651912,0.897327,-0.653614
1.26572,0.755313,0.749348,0.64657,0.8988,-0.731102
1.26714,0.745007,0.742467,0.641228,0.900274,-0.808594
1.26855,0.734701,0.735587,0.635886,0.901748,-0.886081
1.26996,0.724395,0.728706,0.630544,0.903221,-0.963569
1.27138,0.714089,0.721826,0.625202,0.904695,-1.04106
1.27279,0.703783,0.714946,0.61986,0.906169,-1.11854
1.27421,0.710525,0.715417,0.617454,0.908793,-1.03799
1.27562,0.717267,0.715889,0.615049,0.911418,-0.957436
1.27703,0.724009,0.71636,0.612644,0.914042,-0.876882
1.27845,0.73075,0.716832,0.610238,0.916666,-0.796329
1.27986,0.737492,0.717304,0.607833,0.919291,-0.715775
1.28128,0.744234,0.717775,0.605427,0.921916,-0.635217
1.28269,0.750976,0.718247,0.603022,0.92454,-0.554663
1.28411,0.757718,0.718718,0.600616,0.927164,-0.47411
1.28552,0.76446,0.71919,0.598211,0.929789,-0.393557
1.28693,0.771202,0.719662,0.595805,0.932413,-0.312998
1.28835,0.777944,0.720133,0.5934,0.935038,-0.232445
1.28976,0.784686,0.720605,0.590995,0.937662,-0.151891
1.29118,0.791427,0.721076,0.588589,0.940287,-0.0713378
1.29259,0.798169,0.721548,0.586184,0.942911,0.00921566
1.29401,0.804911,0.722019,0.583778,0.945536,0.0897739
1.29542,0.811653,0.722491,0.581373,0.94816,0.170327
1.29683,0.818395,0.722963,0.578967,0.950785,0.250881
1.29825,0.825137,0.723434,0.576562,0.953409,0.331434
1.29966,0.831879,0.723906,0.574156,0.956034,0.411993
1.30108,0.838621,0.724377,0.571751,0.958658,0.492546
1.30249,0.845363,0.724849,0.569345,0.961283,0.5731
1.3039,0.852105,0.725321,0.56694,0.963907,0.653653
1.30532,0.858846,0.725792,0.564535,0.966531,0.734207
1.30673,0.865589,0.726264,0.562129,0.969156,0.814765
1.30815,0.87233,0.726735,0.559724,0.97178,0.895318
1.30956,0.879072,0.727207,0.557318,0.974405,0.975872
1.31098,0.885814,0.727679,0.554913,0.977029,1.05643
1.31239,0.892556,0.72815,0.552507,0.979654,1.13698
1.3138,0.899298,0.728622,0.550102,0.982278,1.21754
1.31522,0.90604,0.729093,0.547696,0.984903,1.29809
1.31663,0.912782,0.729565,0.545291,0.987527,1.37864
1.31805,0.919524,0.730037,0.542886,0.990152,1.4592
1.31946,0.926266,0.730508,0.54048,0.992776,1.53976
1.32088,0.933008,0.73098,0.538075,0.995401,1.62031
1.32229,0.939749,0.731451,0.535669,0.998025,1.70086
1.3237,0.946491,0.731923,0.533264,1.00065,1.78142
1.32512,0.953233,0.732394,0.530858,1.00327,1.86197
1.32653,0.959975,0.732866,0.528453,1.0059,1.94253
1.32795,0.966717,0.733338,0.526047,1.00852,2.02308
1.32936,0.973459,0.733809,0.523642,1.01115,2.10363
1.33077,0.980201,0.734281,0.521237,1.01377,2.18419
1.33219,0.986942,0.734752,0.518831,1.0164,2.26474
1.3336,0.993685,0.735224,0.516426,1.01902,2.3453
1.33502,1.00043,0.735696,0.51402,1.02165,2.42585
1.33643,1.00717,0.736167,0.511615,1.02427,2.50641
1.33785,1.01391,0.736639,0.509209,1.02689,2.58696
1.33926,1.02065,0.73711,0.506804,1.02952,2.66752
1.34067,1.02739,0.737582,0.504398,1.03214,2.74807
1.34209,1.03414,0.738054,0.501993,1.03477,2.82863
1.3435,1.04088,0.738525,0.499587,1.03739,2.90918
1.34492,1.02006,0.723755,0.489596,1.01664,2.851
1.34633,0.999242,0.708984,0.479604,0.995896,2.79281
1.34775,0.978425,0.694214,0.469612,0.975149,2.73463
1.34916,0.957608,0.679443,0.45962,0.954401,2.67645
1.35057,0.93679,0.664673,0.449629,0.933653,2.61826
1.35199,0.915973,0.649903,0.439637,0.912906,2.56008
1.3534,0.895155,0.635131,0.429645,0.892157,2.50189
1.35482,0.874337,0.620361,0.419653,0.871409,2.44371
1.35623,0.85352,0.605591,0.409662,0.850662,2.38553
1.35765,0.832703,0.59082,0.39967,0.829914,2.32735
1.35906,0.811884,0.576049,0.389678,0.809165,2.26916
1.36047,0.791067,0.561279,0.379686,0.788418,2.21098
1.36189,0.77025,0.546509,0.369695,0.76767,2.15279
1.3633,0.749432,0.531738,0.359703,0.746923,2.09461
1.36472,0.728615,0.516968,0.349711,0.726175,2.03643
1.36613,0.707796,0.502197,0.339719,0.705426,1.97824
1.36754,0.686979,0.487426,0.329728,0.684679,1.92006
1.36896,0.666162,0.472656,0.319736,0.663931,1.86188
1.37037,0.645345,0.457886,0.309744,0.643184,1.80369
1.37179,0.624526,0.443115,0.299752,0.622435,1.74551
1.3732,0.603709,0.428344,0.289761,0.601687,1.68732
1.37462,0.582892,0.413574,0.279769,0.58094,1.62914
1.37603,0.562074,0.398804,0.269777,0.560192,1.57096
1.37744,0.541257,0.384033,0.259786,0.539444,1.51277
1.37886,0.520438,0.369262,0.249793,0.518696,1.45459
1.38027,0.499621,0.354492,0.239802,0.497948,1.39641
1.38169,0.478804,0.339722,0.22981,0.4772,1.33822
1.3831,0.457987,0.324951,0.219819,0.456453,1.28004
1.38452,0.437169,0.310181,0.209827,0.435705,1.22186
1.38593,0.416351,0.29541,0.199835,0.414957,1.16367
1.38734,0.395533,0.280639,0.189843,0.394209,1.10549
1.38876,0.374716,0.265869,0.179852,0.373461,1.04731
1.39017,0.353899,0.251099,0.16986,0.352714,0.989122
1.39159,0.33308,0.236328,0.159868,0.331965,0.930936
1.393,0.312263,0.221557,0.149876,0.311217,0.872753
1.39441,0.291446,0.206787,0.139884,0.29047,0.81457
1.39583,0.270628,0.192017,0.129893,0.269722,0.756387
1.39724,0.249811,0.177246,0.119901,0.248975,0.698205
1.39866,0.228993,0.162475,0.109909,0.228226,0.640018
1.40007,0.208175,0.147705,0.0999174,0.207478,0.581835
1.40149,0.187358,0.132935,0.0899258,0.186731,0.523653
1.4029,0.166541,0.118164,0.0799342,0.165983,0.46547
1.40431,0.145723,0.103394,0.0699425,0.145236,0.407287
1.40573,0.124905,0.0886228,0.0599503,0.124487,0.349101
1.40714,0.104088,0.0738524,0.0499587,0.103739,0.290918
1.40856,0.0832704,0.0590821,0.0399671,0.0829916,0.232735
1.40997,0.0624531,0.0443118,0.0299755,0.062244,0.174552
1.41139,0.0416346,0.0295406,0.0199832,0.0414952,0.116366
1.4128,0.0208173,0.0147703,0.00999162,0.0207476,0.0581829
1.41421,0,0,0,0,0
