"arc_length","N=0","N=1","N=2","N=3"
0,0,0,0,0
0.00141421,0.000336495,0.00030093,0.00028093,0.000267467
0.00282843,0.000672991,0.000601861,0.000561861,0.000534933
0.00424264,0.00100949,0.000902791,0.000842791,0.0008024
0.00565685,0.00134598,0.00120372,0.00112372,0.00106987
0.00707107,0.00168248,0.00150465,0.00140465,0.00133733
0.00848528,0.00186686,0.0015797,0.00141926,0.00131179
0.0098995,0.00205124,0.00165475,0.00143387,0.00128625
0.0113137,0.00223563,0.00172979,0.00144849,0.00126071
0.0127279,0.00242001,0.00180484,0.0014631,0.00123517
0.0141421,0.00260439,0.00187989,0.00147771,0.00120963
0.0155563,0.00268563,0.00185822,0.00141752,0.00113354
0.0169706,0.00276687,0.00183655,0.00135734,0.00105746
0.0183848,0.00284811,0.00181489,0.00129715,0.000981369
0.019799,0.00292935,0.00179322,0.00123697,0.000905282
0.0212132,0.00301059,0.00177155,0.00117679,0.000829195
0.0226274,0.00303793,0.00172513,0.0011183,0.000774257
0.0240416,0.00306527,0.00167871,0.00105981,0.000719319
0.0254558,0.00309261,0.00163229,0.00100132,0.000664381
0.0268701,0.00311994,0.00158587,0.000942834,0.000609443
0.0282843,0.00314728,0.00153945,0.000884345,0.000554505
0.0296985,0.00314877,0.00149493,0.000843571,0.00052422
0.0311127,0.00315026,0.00145041,0.000802796,0.000493936
0.0325269,0.00315175,0.00140589,0.000762022,0.000463651
0.0339411,0.00315324,0.00136137,0.000721248,0.000433366
0.0353553,0.00315473,0.00131685,0.000680473,0.000403082
0.0367696,0.00314471,0.0012811,0.000654884,0.000387712
0.0381838,0.00313468,0.00124535,0.000629295,0.000372342
0.039598,0.00312466,0.0012096,0.000603706,0.000356972
0.0410122,0.00311463,0.00117385,0.000578117,0.000341601
0.0424264,0.0031046,0.00113809,0.000552528,0.000326231
0.0438406,0.00309005,0.00111098,0.000536637,0.000317915
0.0452548,0.00307549,0.00108388,0.000520745,0.000309599
0.046669,0.00306094,0.00105677,0.000504854,0.000301283
0.0480833,0.00304638,0.00102966,0.000488962,0.000292966
0.0494975,0.00303183,0.00100255,0.000473071,0.00028465
0.0509117,0.00301602,0.000982155,0.00046264,0.000279164
0.0523259,0.00300021,0.00096176,0.00045221,0.000273679
0.0537401,0.0029844,0.000941364,0.000441779,0.000268193
0.0551543,0.00296859,0.000920969,0.000431348,0.000262707
0.0565685,0.00295278,0.000900574,0.000420918,0.000257221
0.0579828,0.00293717,0.000884954,0.00041339,0.000252763
0.059397,0.00292156,0.000869335,0.000405862,0.000248304
0.0608112,0.00290596,0.000853716,0.000398334,0.000243846
0.0622254,0.00289035,0.000838096,0.000390806,0.000239387
0.0636396,0.00287474,0.000822477,0.000383278,0.000234928
0.0650538,0.00285993,0.000810149,0.000377293,0.000230892
0.066468,0.00284512,0.000797822,0.000371308,0.000226856
0.0678823,0.0028303,0.000785494,0.000365324,0.000222819
0.0692965,0.00281549,0.000773166,0.000359339,0.000218783
0.0707107,0.00280068,0.000760839,0.000353355,0.000214747
0.0721249,0.00278685,0.000750779,0.00034825,0.000211004
0.0735391,0.00277301,0.000740719,0.000343146,0.000207262
0.0749533,0.00275918,0.000730659,0.000338042,0.000203519
0.0763675,0.00274535,0.000720599,0.000332938,0.000199777
0.0777817,0.00273152,0.000710539,0.000327833,0.000196034
0.079196,0.00271867,0.000702072,0.000323305,0.000192596
0.0806102,0.00270583,0.000693605,0.000318776,0.000189159
0.0820244,0.00269299,0.000685138,0.000314247,0.000185721
0.0834386,0.00268015,0.000676671,0.000309718,0.000182283
0.0848528,0.0026673,0.000668204,0.00030519,0.000178845
0.086267,0.00265539,0.000660893,0.000301099,0.000175734
0.0876812,0.00264347,0.000653581,0.000297009,0.000172624
0.0890955,0.00263156,0.00064627,0.000292918,0.000169514
0.0905097,0.00261964,0.000638958,0.000288828,0.000166403
0.0919239,0.00260773,0.000631647,0.000284737,0.000163293
0.0933381,0.00259666,0.000625206,0.000281018,0.000160512
0.0947523,0.00258558,0.000618766,0.000277299,0.000157731
0.0961665,0.00257451,0.000612325,0.00027358,0.00015495
0.0975807,0.00256344,0.000605885,0.000269861,0.00015217
0.0989949,0.00255236,0.000599444,0.000266142,0.000149389
0.100409,0.00254205,0.000593686,0.000262755,0.000146919
0.101823,0.00253173,0.000587927,0.000259368,0.00014445
0.103238,0.00252141,0.000582168,0.000255982,0.00014198
0.104652,0.00251109,0.00057641,0.000252595,0.00013951
0.106066,0.00250077,0.000570651,0.000249208,0.000137041
0.10748,0.00249113,0.000565445,0.000246122,0.000134852
0.108894,0.00248148,0.000560239,0.000243036,0.000132663
0.110309,0.00247184,0.000555033,0.000239951,0.000130475
0.111723,0.00246219,0.000549827,0.000236865,0.000128286
0.113137,0.00245254,0.000544621,0.00023378,0.000126098
0.114551,0.0024435,0.000539876,0.000230968,0.000124156
0.115966,0.00243446,0.00053513,0.000228156,0.000122215
0.11738,0.00242541,0.000530385,0.000225344,0.000120273
0.118794,0.00241637,0.00052564,0.000222531,0.000118332
0.120208,0.00240732,0.000520894,0.000219719,0.00011639
0.121622,0.00239882,0.000516541,0.000217154,0.000114663
0.123037,0.00239031,0.000512188,0.000214589,0.000112936
0.124451,0.00238181,0.000507835,0.000212024,0.000111208
0.125865,0.0023733,0.000503482,0.000209459,0.000109481
0.127279,0.00236479,0.000499128,0.000206894,0.000107753
0.128693,0.00235677,0.000495115,0.00020455,0.00010621
0.130108,0.00234875,0.000491102,0.000202207,0.000104667
0.131522,0.00234073,0.000487089,0.000199864,0.000103124
0.132936,0.00233271,0.000483075,0.00019752,0.000101581
0.13435,0.00232469,0.000479062,0.000195177,0.000100038
0.135765,0.0023171,0.000475347,0.000193032,9.86533e-05
0.137179,0.00230952,0.000471632,0.000190887,9.72689e-05
0.138593,0.00230193,0.000467916,0.000188742,9.58844e-05
0.140007,0.00229435,0.000464201,0.000186598,9.44999e-05
0.141421,0.00228676,0.000460486,0.000184453,9.31154e-05
0.142836,0.00227957,0.000457035,0.000182485,9.18679e-05
0.14425,0.00227238,0.000453583,0.000180518,9.06204e-05
0.145664,0.0022652,0.000450132,0.000178551,8.93729e-05
0.147078,0.00225801,0.000446681,0.000176583,8.81254e-05
0.148492,0.00225082,0.00044323,0.000174616,8.6878e-05
0.149907,0.00224399,0.000440014,0.000172807,8.57493e-05
0.151321,0.00223716,0.000436798,0.000170998,8.46206e-05
0.152735,0.00223033,0.000433582,0.000169189,8.3492e-05
0.154149,0.00222351,0.000430367,0.00016738,8.23633e-05
0.155563,0.00221668,0.000427151,0.000165572,8.12347e-05
0.156978,0.00221018,0.000424147,0.000163904,8.02097e-05
0.158392,0.00220368,0.000421142,0.000162237,7.91847e-05
0.159806,0.00219718,0.000418138,0.00016057,7.81598e-05
0.16122,0.00219069,0.000415134,0.000158903,7.71348e-05
0.162635,0.00218419,0.000412129,0.000157236,7.61098e-05
0.164049,0.00217799,0.000409316,0.000155696,7.51759e-05
0.165463,0.0021718,0.000406502,0.000154155,7.42419e-05
0.166877,0.0021656,0.000403688,0.000152615,7.33079e-05
0.168291,0.0021594,0.000400875,0.000151075,7.23739e-05
0.169706,0.00215321,0.000398061,0.000149535,7.14399e-05
0.17112,0.00214729,0.00039542,0.000148109,7.05862e-05
0.172534,0.00214137,0.000392779,0.000146683,6.97325e-05
0.173948,0.00213546,0.000390138,0.000145257,6.88788e-05
0.175362,0.00212954,0.000387497,0.000143831,6.80251e-05
0.176777,0.00212362,0.000384856,0.000142404,6.71714e-05
0.178191,0.00211796,0.000382372,0.000141081,6.63888e-05
0.179605,0.0021123,0.000379889,0.000139758,6.56063e-05
0.181019,0.00210664,0.000377405,0.000138434,6.48237e-05
0.182434,0.00210098,0.000374921,0.000137111,6.40412e-05
0.183848,0.00209532,0.000372437,0.000135787,6.32586e-05
0.185262,0.00208989,0.000370097,0.000134556,6.25394e-05
0.186676,0.00208447,0.000367756,0.000133326,6.18203e-05
0.18809,0.00207904,0.000365416,0.000132095,6.11011e-05
0.189505,0.00207362,0.000363075,0.000130864,6.03819e-05
0.190919,0.0020682,0.000360735,0.000129634,5.96627e-05
0.192333,0.002063,0.000358525,0.000128487,5.90002e-05
0.193747,0.00205779,0.000356316,0.00012734,5.83377e-05
0.195161,0.00205259,0.000354107,0.000126193,5.76752e-05
0.196576,0.00204739,0.000351898,0.000125046,5.70127e-05
0.19799,0.00204218,0.000349688,0.000123899,5.63502e-05
0.199404,0.00203719,0.000347599,0.000122829,5.57385e-05
0.200818,0.00203219,0.000345511,0.000121758,5.51269e-05
0.202233,0.00202719,0.000343422,0.000120688,5.45152e-05
0.203647,0.00202219,0.000341333,0.000119617,5.39036e-05
0.205061,0.0020172,0.000339244,0.000118546,5.32919e-05
0.206475,0.00201239,0.000337266,0.000117545,5.27261e-05
0.207889,0.00200758,0.000335288,0.000116544,5.21602e-05
0.209304,0.00200278,0.00033331,0.000115543,5.15943e-05
0.210718,0.00199797,0.000331331,0.000114541,5.10285e-05
0.212132,0.00199317,0.000329353,0.00011354,5.04626e-05
0.213546,0.00198854,0.000327478,0.000112602,4.99381e-05
0.21496,0.00198391,0.000325602,0.000111664,4.94136e-05
0.216375,0.00197928,0.000323726,0.000110726,4.88891e-05
0.217789,0.00197466,0.00032185,0.000109788,4.83646e-05
0.219203,0.00197003,0.000319974,0.00010885,4.78401e-05
0.220617,0.00196557,0.000318193,0.00010797,4.7353e-05
0.222032,0.00196111,0.000316411,0.00010709,4.68659e-05
0.223446,0.00195665,0.00031463,0.00010621,4.63789e-05
0.22486,0.00195219,0.000312848,0.000105329,4.58918e-05
0.226274,0.00194773,0.000311067,0.000104449,4.54048e-05
0.227688,0.00194343,0.000309373,0.000103622,4.49517e-05
0.229103,0.00193912,0.000307679,0.000102795,4.44987e-05
0.230517,0.00193482,0.000305985,0.000101968,4.40456e-05
0.231931,0.00193052,0.000304292,0.000101141,4.35926e-05
0.233345,0.00192621,0.000302598,0.000100314,4.31395e-05
0.234759,0.00192206,0.000300985,9.95358e-05,4.27174e-05
0.236174,0.0019179,0.000299373,9.87575e-05,4.22953e-05
0.237588,0.00191375,0.00029776,9.79791e-05,4.18732e-05
0.239002,0.00190959,0.000296148,9.72008e-05,4.14511e-05
0.240416,0.00190544,0.000294535,9.64225e-05,4.1029e-05
0.241831,0.00190142,0.000292998,9.56891e-05,4.06351e-05
0.243245,0.00189741,0.000291461,9.49556e-05,4.02412e-05
0.244659,0.00189339,0.000289924,9.42222e-05,3.98474e-05
0.246073,0.00188938,0.000288387,9.34888e-05,3.94535e-05
0.247487,0.00188536,0.00028685,9.27554e-05,3.90596e-05
0.248902,0.00188147,0.000285384,9.20633e-05,3.86916e-05
0.250316,0.00187759,0.000283917,9.13713e-05,3.83235e-05
0.25173,0.0018737,0.000282451,9.06793e-05,3.79554e-05
0.253144,0.00186982,0.000280984,8.99872e-05,3.75874e-05
0.254558,0.00186593,0.000279518,8.92952e-05,3.72193e-05
0.255973,0.00186217,0.000278117,8.86414e-05,3.68749e-05
0.257387,0.00185841,0.000276716,8.79877e-05,3.65304e-05
0.258801,0.00185465,0.000275315,8.73339e-05,3.6186e-05
0.260215,0.00185089,0.000273915,8.66801e-05,3.58416e-05
0.26163,0.00184713,0.000272514,8.60263e-05,3.54972e-05
0.263044,0.00184348,0.000271175,8.5408e-05,3.51744e-05
0.264458,0.00183984,0.000269835,8.47896e-05,3.48517e-05
0.265872,0.0018362,0.000268496,8.41713e-05,3.4529e-05
0.267286,0.00183255,0.000267157,8.35529e-05,3.42063e-05
0.268701,0.00182891,0.000265818,8.29346e-05,3.38835e-05
0.270115,0.00182538,0.000264536,8.23491e-05,3.35808e-05
0.271529,0.00182184,0.000263254,8.17636e-05,3.3278e-05
0.272943,0.00181831,0.000261972,8.1178e-05,3.29752e-05
0.274357,0.00181478,0.000260691,8.05925e-05,3.26724e-05
0.275772,0.00181124,0.000259409,8.0007e-05,3.23696e-05
0.277186,0.00180781,0.000258181,7.9452e-05,3.20852e-05
0.2786,0.00180439,0.000256954,7.8897e-05,3.18008e-05
0.280014,0.00180096,0.000255726,7.8342e-05,3.15164e-05
0.281428,0.00179753,0.000254498,7.7787e-05,3.1232e-05
0.282843,0.0017941,0.00025327,7.7232e-05,3.09476e-05
0.284257,0.00179077,0.000252093,7.67054e-05,3.06801e-05
0.285671,0.00178745,0.000250916,7.61788e-05,3.04127e-05
0.287085,0.00178412,0.000249739,7.56522e-05,3.01452e-05
0.2885,0.00178079,0.000248562,7.51255e-05,2.98778e-05
0.289914,0.00177746,0.000247385,7.45989e-05,2.96103e-05
0.291328,0.00177423,0.000246256,7.40987e-05,2.93585e-05
0.292742,0.001771,0.000245126,7.35985e-05,2.91067e-05
0.294156,0.00176776,0.000243997,7.30984e-05,2.88549e-05
0.295571,0.00176453,0.000242868,7.25982e-05,2.86031e-05
0.296985,0.0017613,0.000241738,7.2098e-05,2.83513e-05
0.298399,0.00175815,0.000240654,7.16225e-05,2.8114e-05
0.299813,0.00175501,0.000239569,7.11469e-05,2.78767e-05
0.301227,0.00175187,0.000238485,7.06714e-05,2.76393e-05
0.302642,0.00174872,0.0002374,7.01959e-05,2.7402e-05
0.304056,0.00174558,0.000236316,6.97204e-05,2.71647e-05
0.30547,0.00174252,0.000235274,6.92679e-05,2.69408e-05
0.306884,0.00173947,0.000234231,6.88154e-05,2.6717e-05
0.308299,0.00173641,0.000233189,6.83629e-05,2.64931e-05
0.309713,0.00173335,0.000232147,6.79104e-05,2.62692e-05
0.311127,0.0017303,0.000231105,6.7458e-05,2.60453e-05
0.312541,0.00172732,0.000230102,6.7027e-05,2.58339e-05
0.313955,0.00172435,0.0002291,6.65961e-05,2.56225e-05
0.31537,0.00172137,0.000228098,6.61652e-05,2.5411e-05
0.316784,0.0017184,0.000227095,6.57342e-05,2.51996e-05
0.318198,0.00171542,0.000226093,6.53033e-05,2.49882e-05
0.319612,0.00171253,0.000225129,6.48925e-05,2.47884e-05
0.321026,0.00170963,0.000224164,6.44818e-05,2.45885e-05
0.322441,0.00170673,0.000223199,6.4071e-05,2.43887e-05
0.323855,0.00170384,0.000222235,6.36603e-05,2.41888e-05
0.325269,0.00170094,0.00022127,6.32495e-05,2.3989e-05
0.326683,0.00169812,0.000220341,6.28577e-05,2.37999e-05
0.328098,0.0016953,0.000219412,6.24659e-05,2.36108e-05
0.329512,0.00169247,0.000218483,6.2074e-05,2.34218e-05
0.330926,0.00168965,0.000217554,6.16822e-05,2.32327e-05
0.33234,0.00168683,0.000216625,6.12904e-05,2.30436e-05
0.333754,0.00168408,0.00021573,6.09163e-05,2.28646e-05
0.335169,0.00168133,0.000214835,6.05422e-05,2.26855e-05
0.336583,0.00167858,0.00021394,6.01681e-05,2.25065e-05
0.337997,0.00167583,0.000213045,5.97941e-05,2.23275e-05
0.339411,0.00167308,0.000212149,5.942e-05,2.21484e-05
0.340825,0.0016704,0.000211286,5.90626e-05,2.19788e-05
0.34224,0.00166772,0.000210423,5.87052e-05,2.18091e-05
0.343654,0.00166503,0.00020956,5.83478e-05,2.16394e-05
0.345068,0.00166235,0.000208697,5.79904e-05,2.14697e-05
0.346482,0.00165967,0.000207834,5.76331e-05,2.13e-05
0.347897,0.00165705,0.000207001,5.72914e-05,2.11391e-05
0.349311,0.00165444,0.000206168,5.69497e-05,2.09782e-05
0.350725,0.00165182,0.000205335,5.6608e-05,2.08172e-05
0.352139,0.00164921,0.000204502,5.62663e-05,2.06563e-05
0.353553,0.00164659,0.000203669,5.59246e-05,2.04954e-05
0.354968,0.00164404,0.000202865,5.55977e-05,2.03426e-05
0.356382,0.00164148,0.000202061,5.52708e-05,2.01898e-05
0.357796,0.00163893,0.000201257,5.49439e-05,2.0037e-05
0.35921,0.00163638,0.000200453,5.4617e-05,1.98843e-05
0.360624,0.00163382,0.000199649,5.42901e-05,1.97315e-05
0.362039,0.00163133,0.000198873,5.39771e-05,1.95864e-05
0.363453,0.00162884,0.000198096,5.36641e-05,1.94412e-05
0.364867,0.00162634,0.000197319,5.33512e-05,1.92961e-05
0.366281,0.00162385,0.000196543,5.30382e-05,1.9151e-05
0.367696,0.00162136,0.000195766,5.27252e-05,1.90059e-05
0.36911,0.00161892,0.000195015,5.24254e-05,1.88679e-05
0.370524,0.00161649,0.000194265,5.21256e-05,1.87299e-05
0.371938,0.00161405,0.000193514,5.18257e-05,1.85919e-05
0.373352,0.00161162,0.000192764,5.15259e-05,1.8454e-05
0.374767,0.00160918,0.000192013,5.12261e-05,1.8316e-05
0.376181,0.0016068,0.000191287,5.09386e-05,1.81847e-05
0.377595,0.00160442,0.000190561,5.06512e-05,1.80535e-05
0.379009,0.00160204,0.000189836,5.03638e-05,1.79222e-05
0.380423,0.00159966,0.00018911,5.00764e-05,1.7791e-05
0.381838,0.00159728,0.000188384,4.9789e-05,1.76597e-05
0.383252,0.00159496,0.000187682,4.95133e-05,1.75348e-05
0.384666,0.00159263,0.000186979,4.92376e-05,1.74098e-05
0.38608,0.0015903,0.000186277,4.89619e-05,1.72848e-05
0.387495,0.00158798,0.000185575,4.86862e-05,1.71599e-05
0.388909,0.00158565,0.000184873,4.84105e-05,1.70349e-05
0.390323,0.00158338,0.000184193,4.81459e-05,1.69159e-05
0.391737,0.0015811,0.000183513,4.78813e-05,1.67968e-05
0.393151,0.00157883,0.000182834,4.76167e-05,1.66778e-05
0.394566,0.00157655,0.000182154,4.73521e-05,1.65587e-05
0.39598,0.00157428,0.000181474,4.70875e-05,1.64397e-05
0.397394,0.00157205,0.000180816,4.68334e-05,1.63262e-05
0.398808,0.00156983,0.000180158,4.65794e-05,1.62127e-05
0.400222,0.0015676,0.0001795,4.63253e-05,1.60993e-05
0.401637,0.00156538,0.000178841,4.60712e-05,1.59858e-05
0.403051,0.00156315,0.000178183,4.58171e-05,1.58723e-05
0.404465,0.00156098,0.000177545,4.55729e-05,1.5764e-05
0.405879,0.0015588,0.000176908,4.53288e-05,1.56558e-05
0.407293,0.00155662,0.00017627,4.50847e-05,1.55476e-05
0.408708,0.00155444,0.000175632,4.48405e-05,1.54393e-05
0.410122,0.00155227,0.000174995,4.45964e-05,1.53311e-05
0.411536,0.00155013,0.000174376,4.43617e-05,1.52277e-05
0.41295,0.001548,0.000173758,4.4127e-05,1.51244e-05
0.414365,0.00154587,0.00017314,4.38923e-05,1.50211e-05
0.415779,0.00154374,0.000172522,4.36576e-05,1.49178e-05
0.417193,0.00154161,0.000171904,4.34229e-05,1.48145e-05
0.418607,0.00153952,0.000171304,4.31971e-05,1.47158e-05
0.420021,0.00153743,0.000170705,4.29713e-05,1.46171e-05
0.421436,0.00153535,0.000170106,4.27456e-05,1.45185e-05
0.42285,0.00153326,0.000169506,4.25198e-05,1.44198e-05
0.424264,0.00153117,0.000168907,4.22941e-05,1.43211e-05
0.425678,0.00152913,0.000168325,4.20768e-05,1.42269e-05
0.427092,0.00152708,0.000167744,4.18596e-05,1.41326e-05
0.428507,0.00152504,0.000167162,4.16423e-05,1.40383e-05
0.429921,0.001523,0.000166581,4.14251e-05,1.3944e-05
0.431335,0.00152095,0.000165999,4.12078e-05,1.38497e-05
0.432749,0.00151895,0.000165435,4.09987e-05,1.37596e-05
0.434164,0.00151695,0.000164871,4.07895e-05,1.36694e-05
0.435578,0.00151494,0.000164306,4.05803e-05,1.35793e-05
0.436992,0.00151294,0.000163742,4.03712e-05,1.34891e-05
0.438406,0.00151094,0.000163178,4.0162e-05,1.3399e-05
0.43982,0.00150897,0.00016263,3.99605e-05,1.33127e-05
0.441235,0.00150701,0.000162082,3.9759e-05,1.32265e-05
0.442649,0.00150505,0.000161534,3.95575e-05,1.31402e-05
0.444063,0.00150308,0.000160986,3.9356e-05,1.3054e-05
0.445477,0.00150112,0.000160438,3.91545e-05,1.29678e-05
0.446892,0.0014992,0.000159906,3.89603e-05,1.28852e-05
0.448306,0.00149727,0.000159374,3.87662e-05,1.28027e-05
0.44972,0.00149535,0.000158841,3.8572e-05,1.27201e-05
0.451134,0.00149342,0.000158309,3.83778e-05,1.26376e-05
0.452548,0.0014915,0.000157777,3.81836e-05,1.2555e-05
0.453963,0.00148961,0.00015726,3.79964e-05,1.2476e-05
0.455377,0.00148772,0.000156743,3.78092e-05,1.2397e-05
0.456791,0.00148583,0.000156226,3.7622e-05,1.23179e-05
0.458205,0.00148395,0.000155709,3.74347e-05,1.22389e-05
0.459619,0.00148206,0.000155191,3.72475e-05,1.21598e-05
0.461034,0.00148021,0.000154689,3.70669e-05,1.20841e-05
0.462448,0.00147836,0.000154186,3.68863e-05,1.20083e-05
0.463862,0.00147651,0.000153684,3.67057e-05,1.19326e-05
0.465276,0.00147465,0.000153181,3.65251e-05,1.18569e-05
0.46669,0.0014728,0.000152678,3.63445e-05,1.17811e-05
0.468105,0.00147099,0.00015219,3.61703e-05,1.17085e-05
0.469519,0.00146917,0.000151701,3.5996e-05,1.16359e-05
0.470933,0.00146735,0.000151212,3.58217e-05,1.15633e-05
0.472347,0.00146554,0.000150724,3.56475e-05,1.14907e-05
0.473762,0.00146372,0.000150235,3.54732e-05,1.14181e-05
0.475176,0.00146194,0.000149759,3.53049e-05,1.13485e-05
0.47659,0.00146016,0.000149284,3.51367e-05,1.12789e-05
0.478004,0.00145837,0.000148809,3.49685e-05,1.12092e-05
0.479418,0.00145659,0.000148333,3.48002e-05,1.11396e-05
0.480833,0.00145481,0.000147858,3.4632e-05,1.107e-05
0.482247,0.00145306,0.000147396,3.44695e-05,1.10032e-05
0.483661,0.00145131,0.000146933,3.4307e-05,1.09363e-05
0.485075,0.00144956,0.00014647,3.41445e-05,1.08695e-05
0.486489,0.00144781,0.000146008,3.3982e-05,1.08027e-05
0.487904,0.00144606,0.000145545,3.38195e-05,1.07359e-05
0.489318,0.00144434,0.000145095,3.36625e-05,1.06718e-05
0.490732,0.00144262,0.000144645,3.35055e-05,1.06076e-05
0.492146,0.0014409,0.000144195,3.33485e-05,1.05435e-05
0.493561,0.00143918,0.000143745,3.31915e-05,1.04794e-05
0.494975,0.00143747,0.000143294,3.30346e-05,1.04152e-05
0.496389,0.00143578,0.000142856,3.28828e-05,1.03537e-05
0.497803,0.00143409,0.000142418,3.27311e-05,1.02921e-05
0.499217,0.0014324,0.00014198,3.25793e-05,1.02305e-05
0.500632,0.00143072,0.000141541,3.24276e-05,1.01689e-05
0.502046,0.00142903,0.000141103,3.22758e-05,1.01073e-05
0.50346,0.00142737,0.000140676,3.21291e-05,1.00481e-05
0.504874,0.00142571,0.000140249,3.19824e-05,9.98893e-06
0.506288,0.00142406,0.000139822,3.18356e-05,9.92975e-06
0.507703,0.0014224,0.000139395,3.16889e-05,9.87058e-06
0.509117,0.00142074,0.000138968,3.15422e-05,9.8114e-06
0.510531,0.00141911,0.000138553,3.14003e-05,9.75452e-06
0.511945,0.00141748,0.000138137,3.12584e-05,9.69764e-06
0.51336,0.00141585,0.000137721,3.11164e-05,9.64076e-06
0.514774,0.00141423,0.000137305,3.09745e-05,9.58388e-06
0.516188,0.0014126,0.000136889,3.08326e-05,9.527e-06
0.517602,0.001411,0.000136484,3.06952e-05,9.4723e-06
0.519016,0.0014094,0.000136078,3.05579e-05,9.41761e-06
0.520431,0.00140779,0.000135673,3.04206e-05,9.36291e-06
0.521845,0.00140619,0.000135268,3.02832e-05,9.30821e-06
0.523259,0.00140459,0.000134862,3.01459e-05,9.25352e-06
0.524673,0.00140302,0.000134467,3.0013e-05,9.2009e-06
0.526087,0.00140145,0.000134072,2.988e-05,9.14828e-06
0.527502,0.00139987,0.000133677,2.97471e-05,9.09567e-06
0.528916,0.0013983,0.000133282,2.96142e-05,9.04305e-06
0.53033,0.00139673,0.000132887,2.94812e-05,8.99044e-06
0.531744,0.00139518,0.000132502,2.93525e-05,8.9398e-06
0.533159,0.00139363,0.000132116,2.92238e-05,8.88916e-06
0.534573,0.00139209,0.000131731,2.90951e-05,8.83853e-06
0.535987,0.00139054,0.000131346,2.89664e-05,8.78789e-06
0.537401,0.00138899,0.000130961,2.88376e-05,8.73726e-06
0.538815,0.00138747,0.000130585,2.8713e-05,8.68851e-06
0.54023,0.00138595,0.000130209,2.85883e-05,8.63976e-06
0.541644,0.00138443,0.000129833,2.84636e-05,8.59101e-06
0.543058,0.00138291,0.000129458,2.83389e-05,8.54226e-06
0.544472,0.00138139,0.000129082,2.82142e-05,8.49351e-06
0.545886,0.00137989,0.000128715,2.80934e-05,8.44656e-06
0.547301,0.00137839,0.000128349,2.79726e-05,8.39961e-06
0.548715,0.0013769,0.000127982,2.78518e-05,8.35266e-06
0.550129,0.0013754,0.000127616,2.7731e-05,8.30571e-06
0.551543,0.0013739,0.000127249,2.76102e-05,8.25876e-06
0.552958,0.00137243,0.000126891,2.74931e-05,8.21352e-06
0.554372,0.00137096,0.000126533,2.7376e-05,8.16829e-06
0.555786,0.00136949,0.000126176,2.72589e-05,8.12305e-06
0.5572,0.00136802,0.000125818,2.71418e-05,8.07782e-06
0.558614,0.00136654,0.00012546,2.70247e-05,8.03258e-06
0.560029,0.0013651,0.000125111,2.69112e-05,7.98899e-06
0.561443,0.00136365,0.000124762,2.67976e-05,7.94539e-06
0.562857,0.0013622,0.000124413,2.66841e-05,7.90179e-06
0.564271,0.00136075,0.000124063,2.65706e-05,7.8582e-06
0.565685,0.0013593,0.000123714,2.6457e-05,7.8146e-06
0.5671,0.00135788,0.000123373,2.63469e-05,7.77256e-06
0.568514,0.00135645,0.000123032,2.62368e-05,7.73053e-06
0.569928,0.00135503,0.000122691,2.61267e-05,7.6885e-06
0.571342,0.0013536,0.00012235,2.60166e-05,7.64646e-06
0.572756,0.00135218,0.000122009,2.59065e-05,7.60443e-06
0.574171,0.00135077,0.000121676,2.57996e-05,7.56389e-06
0.575585,0.00134937,0.000121343,2.56928e-05,7.52335e-06
0.576999,0.00134797,0.00012101,2.5586e-05,7.48281e-06
0.578413,0.00134657,0.000120677,2.54791e-05,7.44226e-06
0.579828,0.00134516,0.000120344,2.53723e-05,7.40172e-06
0.581242,0.00134378,0.000120019,2.52686e-05,7.36261e-06
0.582656,0.0013424,0.000119694,2.5165e-05,7.32349e-06
0.58407,0.00134102,0.000119369,2.50613e-05,7.28438e-06
0.585484,0.00133964,0.000119043,2.49576e-05,7.24527e-06
0.586899,0.00133826,0.000118718,2.4854e-05,7.20615e-06
0.588313,0.0013369,0.0001184,2.47533e-05,7.1684e-06
0.589727,0.00133554,0.000118082,2.46527e-05,7.13065e-06
0.591141,0.00133418,0.000117764,2.45521e-05,7.0929e-06
0.592555,0.00133282,0.000117447,2.44514e-05,7.05515e-06
0.59397,0.00133146,0.000117129,2.43508e-05,7.0174e-06
0.595384,0.00133012,0.000116818,2.42531e-05,6.98095e-06
0.596798,0.00132878,0.000116508,2.41554e-05,6.94451e-06
0.598212,0.00132744,0.000116197,2.40576e-05,6.90806e-06
0.599627,0.0013261,0.000115886,2.39599e-05,6.87162e-06
0.601041,0.00132476,0.000115576,2.38622e-05,6.83517e-06
0.602455,0.00132344,0.000115272,2.37673e-05,6.79997e-06
0.603869,0.00132213,0.000114969,2.36724e-05,6.76478e-06
0.605283,0.00132081,0.000114665,2.35775e-05,6.72958e-06
0.606698,0.00131949,0.000114361,2.34826e-05,6.69438e-06
0.608112,0.00131817,0.000114058,2.33877e-05,6.65918e-06
0.609526,0.00131687,0.000113761,2.32955e-05,6.62518e-06
0.61094,0.00131557,0.000113464,2.32033e-05,6.59118e-06
0.612354,0.00131427,0.000113167,2.3111e-05,6.55717e-06
0.613769,0.00131297,0.00011287,2.30188e-05,6.52317e-06
0.615183,0.00131167,0.000112573,2.29266e-05,6.48917e-06
0.616597,0.00131039,0.000112283,2.2837e-05,6.45631e-06
0.618011,0.00130911,0.000111993,2.27474e-05,6.42345e-06
0.619426,0.00130783,0.000111702,2.26578e-05,6.39059e-06
0.62084,0.00130655,0.000111412,2.25682e-05,6.35773e-06
0.622254,0.00130527,0.000111122,2.24786e-05,6.32487e-06
0.623668,0.00130401,0.000110837,2.23915e-05,6.29311e-06
0.625082,0.00130275,0.000110553,2.23044e-05,6.26135e-06
0.626497,0.00130149,0.00011027,2.22173e-05,6.22959e-06
0.627911,0.00130023,0.000109985,2.21302e-05,6.19782e-06
0.629325,0.00129896,0.000109702,2.20431e-05,6.16606e-06
0.630739,0.00129772,0.000109424,2.19584e-05,6.13535e-06
0.632153,0.00129648,0.000109146,2.18737e-05,6.10464e-06
0.633568,0.00129523,0.000108868,2.1789e-05,6.07392e-06
0.634982,0.00129399,0.00010859,2.17043e-05,6.04321e-06
0.636396,0.00129275,0.000108312,2.16197e-05,6.0125e-06
0.63781,0.00129152,0.00010804,2.15373e-05,5.98279e-06
0.639225,0.0012903,0.000107768,2.14549e-05,5.95309e-06
0.640639,0.00128907,0.000107496,2.13726e-05,5.92338e-06
0.642053,0.00128785,0.000107225,2.12902e-05,5.89368e-06
0.643467,0.00128662,0.000106953,2.12078e-05,5.86397e-06
0.644881,0.00128541,0.000106687,2.11277e-05,5.83523e-06
0.646296,0.0012842,0.00010642,2.10476e-05,5.80649e-06
0.64771,0.001283,0.000106154,2.09675e-05,5.77775e-06
0.649124,0.00128179,0.000105888,2.08874e-05,5.74902e-06
0.650538,0.00128058,0.000105622,2.08072e-05,5.72028e-06
0.651952,0.00127939,0.000105361,2.07293e-05,5.69246e-06
0.653367,0.0012782,0.000105101,2.06513e-05,5.66465e-06
0.654781,0.00127701,0.00010484,2.05734e-05,5.63684e-06
0.656195,0.00127582,0.00010458,2.04954e-05,5.60903e-06
0.657609,0.00127462,0.000104319,2.04175e-05,5.58121e-06
0.659024,0.00127345,0.000104064,2.03416e-05,5.55429e-06
0.660438,0.00127227,0.000103809,2.02657e-05,5.52737e-06
0.661852,0.0012711,0.000103554,2.01898e-05,5.50044e-06
0.663266,0.00126993,0.000103299,2.0114e-05,5.47352e-06
0.66468,0.00126875,0.000103044,2.00381e-05,5.4466e-06
0.666095,0.00126759,0.000102794,1.99642e-05,5.42053e-06
0.667509,0.00126643,0.000102544,1.98904e-05,5.39446e-06
0.668923,0.00126528,0.000102294,1.98165e-05,5.36839e-06
0.670337,0.00126412,0.000102045,1.97427e-05,5.34232e-06
0.671751,0.00126296,0.000101795,1.96688e-05,5.31625e-06
0.673166,0.00126182,0.00010155,1.95969e-05,5.291e-06
0.67458,0.00126067,0.000101305,1.9525e-05,5.26575e-06
0.675994,0.00125953,0.000101061,1.9453e-05,5.24051e-06
0.677408,0.00125839,0.000100816,1.93811e-05,5.21526e-06
0.678823,0.00125724,0.000100571,1.93092e-05,5.19001e-06
0.680237,0.00125612,0.000100331,1.92392e-05,5.16555e-06
0.681651,0.00125499,0.000100092,1.91691e-05,5.14109e-06
0.683065,0.00125386,9.98518e-05,1.90991e-05,5.11663e-06
0.684479,0.00125274,9.96121e-05,1.90291e-05,5.09217e-06
0.685894,0.00125161,9.93723e-05,1.8959e-05,5.0677e-06
0.687308,0.0012505,9.91374e-05,1.88908e-05,5.044e-06
0.688722,0.00124938,9.89025e-05,1.88226e-05,5.0203e-06
0.690136,0.00124827,9.86676e-05,1.87543e-05,4.99659e-06
0.69155,0.00124716,9.84327e-05,1.86861e-05,4.97289e-06
0.692965,0.00124605,9.81977e-05,1.86179e-05,4.94919e-06
0.694379,0.00124495,9.79675e-05,1.85514e-05,4.92621e-06
0.695793,0.00124385,9.77373e-05,1.84849e-05,4.90324e-06
0.697207,0.00124275,9.7507e-05,1.84184e-05,4.88026e-06
0.698622,0.00124166,9.72768e-05,1.8352e-05,4.85729e-06
0.700036,0.00124056,9.70466e-05,1.82855e-05,4.83431e-06
0.70145,0.00123948,9.68209e-05,1.82207e-05,4.81204e-06
0.702864,0.00123839,9.65952e-05,1.81559e-05,4.78976e-06
0.704278,0.00123731,9.63695e-05,1.80911e-05,4.76749e-06
0.705693,0.00123623,9.61438e-05,1.80264e-05,4.74521e-06
0.707107,0.00123514,9.59181e-05,1.79616e-05,4.72294e-06
0.708521,0.00123408,9.56969e-05,1.78984e-05,4.70134e-06
0.709935,0.00123301,9.54756e-05,1.78353e-05,4.67974e-06
0.711349,0.00123194,9.52544e-05,1.77721e-05,4.65813e-06
0.712764,0.00123087,9.50331e-05,1.7709e-05,4.63653e-06
0.714178,0.0012298,9.48119e-05,1.76458e-05,4.61493e-06
0.715592,0.00122874,9.45949e-05,1.75843e-05,4.59398e-06
0.717006,0.00122769,9.4378e-05,1.75227e-05,4.57303e-06
0.718421,0.00122663,9.4161e-05,1.74611e-05,4.55208e-06
0.719835,0.00122558,9.39441e-05,1.73996e-05,4.53112e-06
0.721249,0.00122452,9.37271e-05,1.7338e-05,4.51017e-06
0.722663,0.00122348,9.35144e-05,1.7278e-05,4.48984e-06
0.724077,0.00122244,9.33016e-05,1.72179e-05,4.46951e-06
0.725492,0.0012214,9.30888e-05,1.71579e-05,4.44918e-06
0.726906,0.00122036,9.28761e-05,1.70979e-05,4.42886e-06
0.72832,0.00121931,9.26633e-05,1.70378e-05,4.40853e-06
0.729734,0.00121829,9.24546e-05,1.69793e-05,4.3888e-06
0.731148,0.00121726,9.22459e-05,1.69207e-05,4.36907e-06
0.732563,0.00121623,9.20372e-05,1.68622e-05,4.34935e-06
0.733977,0.0012152,9.18285e-05,1.68036e-05,4.32962e-06
0.735391,0.00121417,9.16198e-05,1.6745e-05,4.30989e-06
0.736805,0.00121316,9.14151e-05,1.66879e-05,4.29074e-06
0.738219,0.00121214,9.12104e-05,1.66308e-05,4.27159e-06
0.739634,0.00121112,9.10056e-05,1.65737e-05,4.25245e-06
0.741048,0.00121011,9.08009e-05,1.65166e-05,4.2333e-06
0.742462,0.00120909,9.05962e-05,1.64594e-05,4.21415e-06
0.743876,0.00120809,9.03953e-05,1.64037e-05,4.19556e-06
0.745291,0.00120709,9.01944e-05,1.6348e-05,4.17697e-06
0.746705,0.00120608,8.99935e-05,1.62922e-05,4.15838e-06
0.748119,0.00120508,8.97927e-05,1.62365e-05,4.13979e-06
0.749533,0.00120408,8.95918e-05,1.61808e-05,4.1212e-06
0.750947,0.00120309,8.93947e-05,1.61264e-05,4.10314e-06
0.752362,0.0012021,8.91975e-05,1.6072e-05,4.08509e-06
0.753776,0.00120111,8.90004e-05,1.60176e-05,4.06704e-06
0.75519,0.00120012,8.88033e-05,1.59632e-05,4.04899e-06
0.756604,0.00119913,8.86061e-05,1.59088e-05,4.03093e-06
0.758018,0.00119815,8.84127e-05,1.58557e-05,4.0134e-06
0.759433,0.00119717,8.82192e-05,1.58026e-05,3.99586e-06
0.760847,0.00119619,8.80257e-05,1.57495e-05,3.97833e-06
0.762261,0.00119521,8.78323e-05,1.56964e-05,3.96079e-06
0.763675,0.00119423,8.76388e-05,1.56433e-05,3.94326e-06
0.76509,0.00119327,8.74489e-05,1.55915e-05,3.92622e-06
0.766504,0.0011923,8.7259e-05,1.55397e-05,3.90919e-06
0.767918,0.00119133,8.7069e-05,1.54878e-05,3.89215e-06
0.769332,0.00119037,8.68791e-05,1.5436e-05,3.87512e-06
0.770746,0.0011894,8.66892e-05,1.53842e-05,3.85808e-06
0.772161,0.00118844,8.65028e-05,1.53336e-05,3.84153e-06
0.773575,0.00118749,8.63163e-05,1.5283e-05,3.82498e-06
0.774989,0.00118653,8.61299e-05,1.52324e-05,3.80843e-06
0.776403,0.00118558,8.59434e-05,1.51817e-05,3.79187e-06
0.777817,0.00118462,8.57569e-05,1.51311e-05,3.77532e-06
0.779232,0.00118368,8.55739e-05,1.50817e-05,3.75923e-06
0.780646,0.00118274,8.53908e-05,1.50323e-05,3.74315e-06
0.78206,0.00118179,8.52077e-05,1.49829e-05,3.72706e-06
0.783474,0.00118085,8.50246e-05,1.49334e-05,3.71097e-06
0.784889,0.00117991,8.48416e-05,1.4884e-05,3.69488e-06
0.786303,0.00117897,8.46618e-05,1.48357e-05,3.67924e-06
0.787717,0.00117804,8.4482e-05,1.47875e-05,3.6636e-06
0.789131,0.00117711,8.43022e-05,1.47392e-05,3.64797e-06
0.790545,0.00117618,8.41224e-05,1.46909e-05,3.63233e-06
0.79196,0.00117524,8.39426e-05,1.46426e-05,3.61669e-06
0.793374,0.00117432,8.3766e-05,1.45955e-05,3.60148e-06
0.794788,0.0011734,8.35895e-05,1.45483e-05,3.58628e-06
0.796202,0.00117248,8.34129e-05,1.45011e-05,3.57107e-06
0.797616,0.00117156,8.32363e-05,1.4454e-05,3.55587e-06
0.799031,0.00117064,8.30597e-05,1.44068e-05,3.54066e-06
0.800445,0.00116973,8.28863e-05,1.43607e-05,3.52587e-06
0.801859,0.00116881,8.27128e-05,1.43146e-05,3.51109e-06
0.803273,0.0011679,8.25393e-05,1.42685e-05,3.4963e-06
0.804688,0.00116699,8.23659e-05,1.42225e-05,3.48151e-06
0.806102,0.00116608,8.21924e-05,1.41764e-05,3.46673e-06
0.807516,0.00116518,8.2022e-05,1.41313e-05,3.45234e-06
0.80893,0.00116428,8.18516e-05,1.40863e-05,3.43796e-06
0.810344,0.00116338,8.16812e-05,1.40413e-05,3.42358e-06
0.811759,0.00116248,8.15108e-05,1.39962e-05,3.40919e-06
0.813173,0.00116158,8.13404e-05,1.39512e-05,3.39481e-06
0.814587,0.00116069,8.11729e-05,1.39072e-05,3.38082e-06
0.816001,0.0011598,8.10055e-05,1.38632e-05,3.36683e-06
0.817415,0.00115891,8.0838e-05,1.38191e-05,3.35283e-06
0.81883,0.00115802,8.06706e-05,1.37751e-05,3.33884e-06
0.820244,0.00115713,8.05031e-05,1.37311e-05,3.32485e-06
0.821658,0.00115625,8.03386e-05,1.36881e-05,3.31123e-06
0.823072,0.00115537,8.0174e-05,1.3645e-05,3.29762e-06
0.824486,0.00115449,8.00095e-05,1.3602e-05,3.284e-06
0.825901,0.00115361,7.9845e-05,1.3559e-05,3.27039e-06
0.827315,0.00115273,7.96804e-05,1.35159e-05,3.25677e-06
0.828729,0.00115186,7.95187e-05,1.34738e-05,3.24352e-06
0.830143,0.00115099,7.9357e-05,1.34318e-05,3.23027e-06
0.831558,0.00115012,7.91953e-05,1.33897e-05,3.21702e-06
0.832972,0.00114925,7.90335e-05,1.33476e-05,3.20377e-06
0.834386,0.00114838,7.88718e-05,1.33055e-05,3.19052e-06
0.8358,0.00114752,7.87129e-05,1.32644e-05,3.17762e-06
0.837214,0.00114666,7.85539e-05,1.32232e-05,3.16472e-06
0.838629,0.0011458,7.83949e-05,1.31821e-05,3.15182e-06
0.840043,0.00114494,7.8236e-05,1.31409e-05,3.13893e-06
0.841457,0.00114408,7.8077e-05,1.30998e-05,3.12603e-06
0.842871,0.00114323,7.79208e-05,1.30596e-05,3.11347e-06
0.844285,0.00114238,7.77645e-05,1.30193e-05,3.10091e-06
0.8457,0.00114153,7.76082e-05,1.29791e-05,3.08836e-06
0.847114,0.00114068,7.7452e-05,1.29388e-05,3.0758e-06
0.848528,0.00113983,7.72957e-05,1.28986e-05,3.06324e-06
0.849942,0.00113899,7.7142e-05,1.28592e-05,3.05101e-06
0.851357,0.00113815,7.69884e-05,1.28198e-05,3.03879e-06
0.852771,0.0011373,7.68348e-05,1.27805e-05,3.02656e-06
0.854185,0.00113646,7.66811e-05,1.27411e-05,3.01433e-06
0.855599,0.00113562,7.65275e-05,1.27017e-05,3.0021e-06
0.857013,0.00113479,7.63764e-05,1.26632e-05,2.9902e-06
0.858428,0.00113396,7.62253e-05,1.26247e-05,2.97829e-06
0.859842,0.00113313,7.60743e-05,1.25862e-05,2.96638e-06
0.861256,0.00113229,7.59232e-05,1.25477e-05,2.95447e-06
0.86267,0.00113146,7.57721e-05,1.25092e-05,2.94256e-06
0.864084,0.00113064,7.56235e-05,1.24715e-05,2.93096e-06
0.865499,0.00112982,7.5475e-05,1.24338e-05,2.91936e-06
0.866913,0.00112899,7.53264e-05,1.23961e-05,2.90776e-06
0.868327,0.00112817,7.51778e-05,1.23584e-05,2.89616e-06
0.869741,0.00112735,7.50292e-05,1.23207e-05,2.88456e-06
0.871156,0.00112653,7.48831e-05,1.22839e-05,2.87326e-06
0.87257,0.00112572,7.4737e-05,1.2247e-05,2.86196e-06
0.873984,0.0011249,7.45909e-05,1.22101e-05,2.85066e-06
0.875398,0.00112409,7.44447e-05,1.21732e-05,2.83936e-06
0.876812,0.00112328,7.42986e-05,1.21363e-05,2.82806e-06
0.878227,0.00112247,7.41549e-05,1.21003e-05,2.81704e-06
0.879641,0.00112166,7.40111e-05,1.20642e-05,2.80603e-06
0.881055,0.00112086,7.38674e-05,1.20281e-05,2.79502e-06
0.882469,0.00112005,7.37237e-05,1.1992e-05,2.78401e-06
0.883883,0.00111925,7.35799e-05,1.19559e-05,2.773e-06
0.885298,0.00111845,7.34385e-05,1.19205e-05,2.76226e-06
0.886712,0.00111765,7.32971e-05,1.18852e-05,2.75153e-06
0.888126,0.00111686,7.31557e-05,1.18499e-05,2.7408e-06
0.88954,0.00111606,7.30143e-05,1.18145e-05,2.73007e-06
0.890955,0.00111526,7.28729e-05,1.17792e-05,2.71934e-06
0.892369,0.00111448,7.27338e-05,1.17446e-05,2.70888e-06
0.893783,0.00111369,7.25946e-05,1.171e-05,2.69841e-06
0.895197,0.0011129,7.24555e-05,1.16754e-05,2.68795e-06
0.896611,0.00111211,7.23164e-05,1.16408e-05,2.67749e-06
0.898026,0.00111132,7.21773e-05,1.16062e-05,2.66703e-06
0.89944,0.00111054,7.20404e-05,1.15723e-05,2.65683e-06
0.900854,0.00110976,7.19035e-05,1.15385e-05,2.64664e-06
0.902268,0.00110898,7.17666e-05,1.15046e-05,2.63644e-06
0.903682,0.0011082,7.16297e-05,1.14707e-05,2.62624e-06
0.905097,0.00110742,7.14928e-05,1.14368e-05,2.61604e-06
0.906511,0.00110665,7.13581e-05,1.14037e-05,2.6061e-06
0.907925,0.00110588,7.12234e-05,1.13705e-05,2.59615e-06
0.909339,0.0011051,7.10886e-05,1.13373e-05,2.58621e-06
0.910754,0.00110433,7.09539e-05,1.13041e-05,2.57627e-06
0.912168,0.00110356,7.08192e-05,1.1271e-05,2.56632e-06
0.913582,0.00110279,7.06866e-05,1.12385e-05,2.55663e-06
0.914996,0.00110203,7.0554e-05,1.1206e-05,2.54693e-06
0.91641,0.00110127,7.04214e-05,1.11735e-05,2.53723e-06
0.917825,0.0011005,7.02889e-05,1.1141e-05,2.52754e-06
0.919239,0.00109974,7.01563e-05,1.11085e-05,2.51784e-06
0.920653,0.00109898,7.00258e-05,1.10767e-05,2.50838e-06
0.922067,0.00109823,6.98953e-05,1.10448e-05,2.49892e-06
0.923481,0.00109747,6.97648e-05,1.1013e-05,2.48947e-06
0.924896,0.00109671,6.96342e-05,1.09812e-05,2.48001e-06
0.92631,0.00109596,6.95037e-05,1.09493e-05,2.47055e-06
0.927724,0.00109521,6.93753e-05,1.09182e-05,2.46132e-06
0.929138,0.00109446,6.92468e-05,1.0887e-05,2.4521e-06
0.930553,0.00109371,6.91183e-05,1.08558e-05,2.44287e-06
0.931967,0.00109296,6.89899e-05,1.08246e-05,2.43365e-06
0.933381,0.00109221,6.88614e-05,1.07934e-05,2.42442e-06
0.934795,0.00109147,6.87349e-05,1.07629e-05,2.41542e-06
0.936209,0.00109073,6.86084e-05,1.07323e-05,2.40642e-06
0.937624,0.00108999,6.84819e-05,1.07018e-05,2.39742e-06
0.939038,0.00108925,6.83555e-05,1.06712e-05,2.38841e-06
0.940452,0.00108851,6.8229e-05,1.06407e-05,2.37941e-06
0.941866,0.00108777,6.81044e-05,1.06107e-05,2.37063e-06
0.94328,0.00108704,6.79799e-05,1.05808e-05,2.36185e-06
0.944695,0.00108631,6.78554e-05,1.05508e-05,2.35306e-06
0.946109,0.00108557,6.77308e-05,1.05209e-05,2.34428e-06
0.947523,0.00108484,6.76063e-05,1.04909e-05,2.33549e-06
0.948937,0.00108411,6.74837e-05,1.04616e-05,2.32692e-06
0.950351,0.00108339,6.73611e-05,1.04323e-05,2.31835e-06
0.951766,0.00108266,6.72384e-05,1.04029e-05,2.30978e-06
0.95318,0.00108193,6.71158e-05,1.03736e-05,2.30121e-06
0.954594,0.00108121,6.69932e-05,1.03442e-05,2.29263e-06
0.956008,0.00108049,6.68724e-05,1.03155e-05,2.28427e-06
0.957423,0.00107977,6.67516e-05,1.02867e-05,2.2759e-06
0.958837,0.00107905,6.66309e-05,1.02579e-05,2.26753e-06
0.960251,0.00107833,6.65101e-05,1.02292e-05,2.25916e-06
0.961665,0.00107761,6.63894e-05,1.02004e-05,2.2508e-06
0.963079,0.0010769,6.62704e-05,1.01722e-05,2.24263e-06
0.964494,0.00107619,6.61515e-05,1.0144e-05,2.23446e-06
0.965908,0.00107547,6.60325e-05,1.01158e-05,2.22629e-06
0.967322,0.00107476,6.59136e-05,1.00876e-05,2.21812e-06
0.968736,0.00107405,6.57946e-05,1.00594e-05,2.20996e-06
0.97015,0.00107335,6.56775e-05,1.00318e-05,2.20198e-06
0.971565,0.00107264,6.55603e-05,1.00041e-05,2.194e-06
0.972979,0.00107193,6.54432e-05,9.97647e-06,2.18603e-06
0.974393,0.00107123,6.5326e-05,9.94882e-06,2.17805e-06
0.975807,0.00107052,6.52089e-05,9.92118e-06,2.17008e-06
0.977222,0.00106983,6.50935e-05,9.89407e-06,2.16229e-06
0.978636,0.00106913,6.49781e-05,9.86696e-06,2.1545e-06
0.98005,0.00106843,6.48626e-05,9.83985e-06,2.14671e-06
0.981464,0.00106773,6.47472e-05,9.81274e-06,2.13892e-06
0.982878,0.00106703,6.46318e-05,9.78563e-06,2.13114e-06
0.984293,0.00106634,6.45181e-05,9.75905e-06,2.12353e-06
0.985707,0.00106565,6.44044e-05,9.73247e-06,2.11592e-06
0.987121,0.00106496,6.42907e-05,9.70588e-06,2.10831e-06
0.988535,0.00106427,6.4177e-05,9.6793e-06,2.10071e-06
0.989949,0.00106357,6.40633e-05,9.65271e-06,2.0931e-06
0.991364,0.00106289,6.39513e-05,9.62664e-06,2.08567e-06
0.992778,0.0010622,6.38393e-05,9.60057e-06,2.07823e-06
0.994192,0.00106152,6.37273e-05,9.57449e-06,2.0708e-06
0.995606,0.00106083,6.36152e-05,9.54842e-06,2.06337e-06
0.997021,0.00106015,6.35032e-05,9.52235e-06,2.05594e-06
0.998435,0.00105947,6.33928e-05,9.49678e-06,2.04868e-06
0.999849,0.00105879,6.32825e-05,9.4712e-06,2.04141e-06
1.00126,0.00105811,6.31721e-05,9.44563e-06,2.03415e-06
1.00268,0.00105744,6.30617e-05,9.42005e-06,2.02689e-06
1.00409,0.00105676,6.29513e-05,9.39448e-06,2.01963e-06
1.00551,0.00105609,6.28425e-05,9.36939e-06,2.01253e-06
1.00692,0.00105541,6.27338e-05,9.3443e-06,2.00543e-06
1.00833,0.00105474,6.2625e-05,9.31922e-06,1.99833e-06
1.00975,0.00105407,6.25162e-05,9.29413e-06,1.99123e-06
1.01116,0.0010534,6.24074e-05,9.26904e-06,1.98413e-06
1.01258,0.00105273,6.23002e-05,9.24443e-06,1.97719e-06
1.01399,0.00105207,6.2193e-05,9.21982e-06,1.97025e-06
1.01541,0.0010514,6.20858e-05,9.19521e-06,1.96331e-06
1.01682,0.00105073,6.19786e-05,9.17059e-06,1.95637e-06
1.01823,0.00105007,6.18714e-05,9.14598e-06,1.94943e-06
1.01965,0.00104941,6.17657e-05,9.12183e-06,1.94263e-06
1.02106,0.00104875,6.16601e-05,9.09769e-06,1.93584e-06
1.02248,0.00104809,6.15544e-05,9.07354e-06,1.92905e-06
1.02389,0.00104743,6.14488e-05,9.04939e-06,1.92226e-06
1.0253,0.00104677,6.13431e-05,9.02524e-06,1.91547e-06
1.02672,0.00104612,6.12389e-05,9.00155e-06,1.90881e-06
1.02813,0.00104546,6.11348e-05,8.97786e-06,1.90216e-06
1.02955,0.00104481,6.10306e-05,8.95417e-06,1.89551e-06
1.03096,0.00104416,6.09265e-05,8.93047e-06,1.88886e-06
1.03238,0.0010435,6.08223e-05,8.90678e-06,1.88221e-06
1.03379,0.00104286,6.07196e-05,8.88353e-06,1.87569e-06
1.0352,0.00104221,6.0617e-05,8.86029e-06,1.86917e-06
1.03662,0.00104156,6.05143e-05,8.83704e-06,1.86265e-06
1.03803,0.00104091,6.04116e-05,8.81379e-06,1.85612e-06
1.03945,0.00104027,6.03089e-05,8.79055e-06,1.8496e-06
1.04086,0.00103962,6.02077e-05,8.76774e-06,1.8432e-06
1.04228,0.00103898,6.01065e-05,8.74493e-06,1.83679e-06
1.04369,0.00103834,6.00053e-05,8.72212e-06,1.83039e-06
1.0451,0.0010377,5.9904e-05,8.69932e-06,1.82398e-06
1.04652,0.00103706,5.98028e-05,8.67651e-06,1.81757e-06
1.04793,0.00103642,5.9703e-05,8.65414e-06,1.81126e-06
1.04935,0.00103579,5.96032e-05,8.63176e-06,1.80495e-06
1.05076,0.00103515,5.95034e-05,8.60939e-06,1.79864e-06
1.05217,0.00103452,5.94036e-05,8.58702e-06,1.79233e-06
1.05359,0.00103388,5.93038e-05,8.56464e-06,1.78602e-06
1.055,0.00103325,5.92053e-05,8.5427e-06,1.77978e-06
1.05642,0.00103262,5.91069e-05,8.52077e-06,1.77354e-06
1.05783,0.00103199,5.90085e-05,8.49883e-06,1.7673e-06
1.05925,0.00103136,5.89101e-05,8.47689e-06,1.76106e-06
1.06066,0.00103073,5.88117e-05,8.45495e-06,1.75481e-06
1.06207,0.00103011,5.87146e-05,8.43345e-06,1.7486e-06
1.06349,0.00102948,5.86175e-05,8.41194e-06,1.74239e-06
1.0649,0.00102886,5.85205e-05,8.39044e-06,1.73617e-06
1.06632,0.00102823,5.84234e-05,8.36894e-06,1.72996e-06
1.06773,0.00102761,5.83263e-05,8.34744e-06,1.72374e-06
1.06915,0.00102699,5.82306e-05,8.32639e-06,1.7175e-06
1.07056,0.00102637,5.81349e-05,8.30534e-06,1.71125e-06
1.07197,0.00102575,5.80391e-05,8.28429e-06,1.70501e-06
1.07339,0.00102513,5.79434e-05,8.26324e-06,1.69876e-06
1.0748,0.00102451,5.78477e-05,8.24219e-06,1.69252e-06
1.07622,0.0010239,5.77532e-05,8.22162e-06,1.68615e-06
1.07763,0.00102329,5.76588e-05,8.20105e-06,1.67979e-06
1.07904,0.00102268,5.75643e-05,8.18047e-06,1.67342e-06
1.08046,0.00102206,5.74699e-05,8.1599e-06,1.66706e-06
1.08187,0.00102145,5.73754e-05,8.13933e-06,1.6607e-06
1.08329,0.00102084,5.72823e-05,8.11928e-06,1.65408e-06
1.0847,0.00102023,5.71891e-05,8.09923e-06,1.64747e-06
1.08612,0.00101963,5.70959e-05,8.07919e-06,1.64086e-06
1.08753,0.00101902,5.70027e-05,8.05914e-06,1.63424e-06
1.08894,0.00101841,5.69095e-05,8.03909e-06,1.62763e-06
1.09036,0.00101781,5.68175e-05,8.01965e-06,1.62058e-06
1.09177,0.0010172,5.67255e-05,8.00021e-06,1.61352e-06
1.09319,0.0010166,5.66336e-05,7.98076e-06,1.60647e-06
1.0946,0.001016,5.65416e-05,7.96132e-06,1.59941e-06
1.09602,0.0010154,5.64496e-05,7.94188e-06,1.59235e-06
1.09743,0.0010148,5.63588e-05,7.92317e-06,1.58457e-06
1.09884,0.0010142,5.62679e-05,7.90446e-06,1.57678e-06
1.10026,0.00101361,5.61771e-05,7.88575e-06,1.569e-06
1.10167,0.00101301,5.60863e-05,7.86704e-06,1.56121e-06
1.10309,0.00101241,5.59955e-05,7.84833e-06,1.55342e-06
1.1045,0.00101182,5.59057e-05,7.83057e-06,1.54448e-06
1.10592,0.00101123,5.5816e-05,7.8128e-06,1.53554e-06
1.10733,0.00101063,5.57262e-05,7.79503e-06,1.52659e-06
1.10874,0.00101004,5.56364e-05,7.77727e-06,1.51765e-06
1.11016,0.00100945,5.55467e-05,7.7595e-06,1.5087e-06
1.11157,0.00100886,5.54579e-05,7.743e-06,1.49797e-06
1.11299,0.00100828,5.53691e-05,7.72651e-06,1.48723e-06
1.1144,0.00100769,5.52803e-05,7.71001e-06,1.4765e-06
1.11581,0.0010071,5.51915e-05,7.69352e-06,1.46576e-06
1.11723,0.00100652,5.51027e-05,7.67702e-06,1.45503e-06
1.11864,0.00100593,5.50147e-05,7.66231e-06,1.44157e-06
1.12006,0.00100535,5.49268e-05,7.64761e-06,1.42812e-06
1.12147,0.00100477,5.48388e-05,7.6329e-06,1.41466e-06
1.12289,0.00100419,5.47508e-05,7.61819e-06,1.4012e-06
1.1243,0.00100361,5.46628e-05,7.60349e-06,1.38775e-06
1.12571,0.00100303,5.45753e-05,7.59138e-06,1.37021e-06
1.12713,0.00100245,5.44879e-05,7.57927e-06,1.35267e-06
1.12854,0.00100188,5.44004e-05,7.56716e-06,1.33513e-06
1.12996,0.0010013,5.4313e-05,7.55505e-06,1.31759e-06
1.13137,0.00100072,5.42255e-05,7.54294e-06,1.30005e-06
1.13279,0.00100015,5.41383e-05,7.53469e-06,1.27644e-06
1.1342,0.000999578,5.4051e-05,7.52644e-06,1.25284e-06
1.13561,0.000999006,5.39637e-05,7.51818e-06,1.22924e-06
1.13703,0.000998434,5.38764e-05,7.50993e-06,1.20563e-06
1.13844,0.000997862,5.37891e-05,7.50168e-06,1.18203e-06
1.13986,0.000997295,5.37013e-05,7.49922e-06,1.14949e-06
1.14127,0.000996728,5.36136e-05,7.49677e-06,1.11696e-06
1.14268,0.000996161,5.35258e-05,7.49432e-06,1.08443e-06
1.1441,0.000995595,5.34381e-05,7.49187e-06,1.0519e-06
1.14551,0.000995028,5.33503e-05,7.48942e-06,1.01937e-06
1.14693,0.000994466,5.32611e-05,7.49577e-06,9.73822e-07
1.14834,0.000993904,5.31719e-05,7.50213e-06,9.28271e-07
1.14976,0.000993342,5.30827e-05,7.50848e-06,8.82718e-07
1.15117,0.00099278,5.29935e-05,7.51483e-06,8.37167e-07
1.15258,0.000992218,5.29043e-05,7.52118e-06,7.91616e-07
1.154,0.000991662,5.2812e-05,7.54095e-06,7.2724e-07
1.15541,0.000991105,5.27198e-05,7.56072e-06,6.62864e-07
1.15683,0.000990548,5.26276e-05,7.58049e-06,5.98484e-07
1.15824,0.000989991,5.25353e-05,7.60025e-06,5.34108e-07
1.15966,0.000989435,5.24431e-05,7.62002e-06,4.69732e-07
1.16107,0.000988883,5.23453e-05,7.66025e-06,3.78397e-07
1.16248,0.000988332,5.22476e-05,7.70049e-06,2.87056e-07
1.1639,0.000987781,5.21498e-05,7.74072e-06,1.95721e-07
1.16531,0.00098723,5.2052e-05,7.78095e-06,1.04386e-07
1.16673,0.000986678,5.19543e-05,7.82118e-06,1.30508e-08
1.16814,0.000986133,5.18469e-05,7.89261e-06,1.37366e-07
1.16955,0.000985587,5.17396e-05,7.96405e-06,2.61691e-07
1.17097,0.000985042,5.16323e-05,8.03548e-06,3.86009e-07
1.17238,0.000984497,5.15249e-05,8.10691e-06,5.10327e-07
1.1738,0.000983951,5.14176e-05,8.17834e-06,6.34645e-07
1.17521,0.000983413,5.12943e-05,8.29724e-06,8.1767e-07
1.17663,0.000982874,5.11709e-05,8.41615e-06,1.00071e-06
1.17804,0.000982335,5.10476e-05,8.53505e-06,1.18373e-06
1.17945,0.000981797,5.09243e-05,8.65395e-06,1.36676e-06
1.18087,0.000981258,5.08009e-05,8.77285e-06,1.54979e-06
1.18228,0.000980728,5.06513e-05,8.96374e-06,1.80668e-06
1.1837,0.000980197,5.05017e-05,9.15463e-06,2.06356e-06
1.18511,0.000979667,5.03521e-05,9.34551e-06,2.32044e-06
1.18653,0.000979136,5.02024e-05,9.53639e-06,2.57733e-06
1.18794,0.000978606,5.00528e-05,9.72728e-06,2.83421e-06
1.18935,0.000978086,4.98605e-05,1.00269e-05,3.19139e-06
1.19077,0.000977566,4.96682e-05,1.03265e-05,3.54855e-06
1.19218,0.000977047,4.94759e-05,1.06261e-05,3.90571e-06
1.1936,0.000976527,4.92836e-05,1.09257e-05,4.26288e-06
1.19501,0.000976007,4.90913e-05,1.12254e-05,4.62006e-06
1.19642,0.000975502,4.88302e-05,1.16884e-05,5.11064e-06
1.19784,0.000974997,4.85691e-05,1.21514e-05,5.60121e-06
1.19925,0.000974492,4.8308e-05,1.26144e-05,6.09179e-06
1.20067,0.000973987,4.80469e-05,1.30775e-05,6.58236e-06
1.20208,0.000973482,4.77857e-05,1.35405e-05,7.07297e-06
1.2035,0.000972999,4.74143e-05,1.42478e-05,7.73643e-06
1.20491,0.000972516,4.70429e-05,1.4955e-05,8.39988e-06
1.20632,0.000972032,4.66714e-05,1.56622e-05,9.06333e-06
1.20774,0.000971549,4.63e-05,1.63695e-05,9.72678e-06
1.20915,0.000971066,4.59286e-05,1.70768e-05,1.03903e-05
1.21057,0.000970616,4.5381e-05,1.81465e-05,1.12702e-05
1.21198,0.000970166,4.48334e-05,1.92162e-05,1.21501e-05
1.2134,0.000969716,4.42858e-05,2.02859e-05,1.303e-05
1.21481,0.000969266,4.37382e-05,2.13557e-05,1.391e-05
1.21622,0.000968816,4.31906e-05,2.24254e-05,1.47899e-05
1.21764,0.000968419,4.23628e-05,2.40293e-05,1.59276e-05
1.21905,0.000968022,4.15351e-05,2.56331e-05,1.70653e-05
1.22047,0.000967625,4.07074e-05,2.7237e-05,1.8203e-05
1.22188,0.000967228,3.98796e-05,2.88409e-05,1.93408e-05
1.22329,0.000966831,3.90519e-05,3.04448e-05,2.04785e-05
1.22471,0.000966519,3.77798e-05,3.28282e-05,2.1901e-05
1.22612,0.000966206,3.65076e-05,3.52115e-05,2.33236e-05
1.22754,0.000965894,3.52355e-05,3.75949e-05,2.47461e-05
1.22895,0.000965582,3.39633e-05,3.99784e-05,2.61688e-05
1.23037,0.00096527,3.26912e-05,4.23618e-05,2.75913e-05
1.23178,0.000965097,3.07175e-05,4.58722e-05,2.92865e-05
1.23319,0.000964924,2.87438e-05,4.93826e-05,3.09817e-05
1.23461,0.000964751,2.677e-05,5.28931e-05,3.26769e-05
1.23602,0.000964578,2.47963e-05,5.64035e-05,3.43721e-05
1.23744,0.000964405,2.28226e-05,5.99139e-05,3.60673e-05
1.23885,0.00096446,1.97428e-05,6.50307e-05,3.7946e-05
1.24027,0.000964515,1.66629e-05,7.01475e-05,3.98247e-05
1.24168,0.00096457,1.35829e-05,7.52647e-05,4.17034e-05
1.24309,0.000964625,1.0503e-05,8.03815e-05,4.35821e-05
1.24451,0.00096468,7.42316e-06,8.54983e-05,4.54608e-05
1.24592,0.000965116,9.26519e-06,9.28767e-05,4.72827e-05
1.24734,0.000965551,1.11074e-05,0.000100256,4.91048e-05
1.24875,0.000965986,1.29494e-05,0.000107634,5.09267e-05
1.25016,0.000966422,1.47915e-05,0.000115012,5.27486e-05
1.25158,0.000966857,1.66335e-05,0.000122391,5.45706e-05
1.25299,0.000967915,2.41574e-05,0.00013288,5.58575e-05
1.25441,0.000968974,3.16817e-05,0.00014337,5.71445e-05
1.25582,0.000970032,3.92056e-05,0.000153859,5.84313e-05
1.25724,0.00097109,4.67295e-05,0.000164348,5.97182e-05
1.25865,0.000972149,5.42535e-05,0.000174837,6.10051e-05
1.26006,0.00097426,6.5974e-05,0.000189536,6.08469e-05
1.26148,0.000976371,7.76954e-05,0.000204235,6.06887e-05
1.26289,0.000978482,8.9416e-05,0.000218933,6.05305e-05
1.26431,0.000980593,0.000101137,0.000233632,6.03722e-05
1.26572,0.000982705,0.000112857,0.00024833,6.0214e-05
1.26714,0.000986523,0.000131112,0.000268473,5.7148e-05
1.26855,0.000990341,0.000149366,0.000288615,5.40821e-05
1.26996,0.00099416,0.000167619,0.000308758,5.10163e-05
1.27138,0.000997978,0.000185873,0.0003289,4.79504e-05
1.27279,0.0010018,0.000204127,0.000349042,4.48845e-05
1.27421,0.00100855,0.000232309,0.000376081,3.64044e-05
1.27562,0.00101531,0.00026049,0.000403118,2.79247e-05
1.27703,0.00102207,0.00028867,0.000430155,1.9445e-05
1.27845,0.00102882,0.000316851,0.000457192,1.09652e-05
1.27986,0.00103558,0.000345032,0.00048423,2.48548e-06
1.28128,0.00104699,0.000388595,0.00051905,1.87314e-05
1.28269,0.0010584,0.000432156,0.000553868,3.4977e-05
1.28411,0.0010698,0.000475716,0.000588686,5.12226e-05
1.28552,0.00108121,0.000519277,0.000623504,6.74683e-05
1.28693,0.00109262,0.000562841,0.000658324,8.37153e-05
1.28835,0.0011123,0.000629052,0.00070171,0.000115338
1.28976,0.00113199,0.000695262,0.000745095,0.000146961
1.29118,0.00115167,0.000761473,0.000788481,0.000178584
1.29259,0.00117136,0.000827683,0.000831866,0.000210207
1.29401,0.00119104,0.000893899,0.000875254,0.000241832
1.29542,0.00122319,0.000995289,0.000924086,0.000292943
1.29683,0.00125535,0.00109668,0.000972918,0.000344053
1.29825,0.0012875,0.00119807,0.00102175,0.000395164
1.29966,0.00131965,0.00129947,0.00107058,0.000446277
1.30108,0.00135181,0.00140086,0.00111942,0.000497388
1.30249,0.00140765,0.00155093,0.0011706,0.000578381
1.3039,0.0014635,0.00170099,0.00122178,0.000659373
1.30532,0.00151934,0.00185106,0.00127296,0.000740366
1.30673,0.00157519,0.00200114,0.00132415,0.000821363
1.30815,0.00163104,0.00215121,0.00137533,0.000902356
1.30956,0.00171916,0.002379,0.00140807,0.00101157
1.31098,0.00180729,0.0026068,0.00144082,0.00112079
1.31239,0.00189542,0.00283459,0.00147356,0.00123
1.3138,0.00198355,0.0030624,0.0015063,0.00133922
1.31522,0.00207168,0.00329019,0.00153904,0.00144844
1.31663,0.00222967,0.00361087,0.00154259,0.00160293
1.31805,0.00238766,0.00393154,0.00154613,0.00175742
1.31946,0.00254567,0.00425224,0.00154968,0.00191191
1.32088,0.00270366,0.00457292,0.00155323,0.0020664
1.32229,0.00286166,0.0048936,0.00155677,0.00222089
1.3237,0.00309679,0.00538041,0.00144478,0.00236357
1.32512,0.00333192,0.00586721,0.00133278,0.00250625
1.32653,0.00356707,0.00635405,0.00122078,0.00264894
1.32795,0.0038022,0.00684086,0.00110878,0.00279162
1.32936,0.00403733,0.00732767,0.000996783,0.00293431
1.33077,0.00448961,0.00794055,0.000815316,0.00311278
1.33219,0.00494188,0.00855342,0.000633848,0.00329126
1.3336,0.00539418,0.00916633,0.00045237,0.00346975
1.33502,0.00584646,0.00977921,0.000270903,0.00364823
1.33643,0.00629873,0.0103921,8.94355e-05,0.00382671
1.33785,0.00689785,0.0113619,0.00074182,0.00370967
1.33926,0.007497,0.0123318,0.00139425,0.00359262
1.34067,0.00809612,0.0133016,0.00204664,0.00347557
1.34209,0.00869524,0.0142714,0.00269903,0.00335853
1.3435,0.00929436,0.0152412,0.00335142,0.00324148
1.34492,0.0106264,0.0161196,0.00411031,0.00315851
1.34633,0.0119584,0.0169979,0.00486923,0.00307554
1.34775,0.0132904,0.0178763,0.00562812,0.00299257
1.34916,0.0146224,0.0187546,0.006387,0.0029096
1.35057,0.0159544,0.0196329,0.00714588,0.00282662
1.35199,0.0173312,0.0214032,0.00934623,0.00329933
1.3534,0.0187079,0.0231737,0.0115467,0.00377207
1.35482,0.0200847,0.024944,0.0137471,0.00424479
1.35623,0.0214614,0.0267144,0.0159475,0.0047175
1.35765,0.0228381,0.0284847,0.0181478,0.00519022
1.35906,0.0269652,0.0283863,0.0192137,0.00585256
1.36047,0.0310921,0.0282878,0.0202794,0.00651487
1.36189,0.035219,0.0281893,0.0213451,0.00717718
1.3633,0.0393459,0.0280908,0.0224109,0.00783949
1.36472,0.0434728,0.0279924,0.0234766,0.0085018
1.36613,0.0457997,0.0311273,0.0294821,0.0153121
1.36754,0.0481263,0.034262,0.0354874,0.0221221
1.36896,0.050453,0.0373968,0.0414927,0.0289321
1.37037,0.0527797,0.0405316,0.0474979,0.0357421
1.37179,0.0551068,0.0436663,0.0535033,0.0425522
1.3732,0.0688278,0.0352635,0.0489858,0.0397681
1.37462,0.0825487,0.0268608,0.0444683,0.036984
1.37603,0.0962697,0.018458,0.0399509,0.0341999
1.37744,0.109991,0.0100553,0.0354334,0.0314158
1.37886,0.123712,0.0016524,0.0309161,0.0286321
1.38027,0.122755,0.009416,0.0460475,0.049565
1.38169,0.121797,0.0171796,0.0611788,0.0704979
1.3831,0.12084,0.0249432,0.0763101,0.0914308
1.38452,0.119882,0.0327068,0.0914415,0.112364
1.38593,0.118926,0.0404714,0.106573,0.133297
1.38734,0.1673,0.0733042,0.109541,0.121706
1.38876,0.215674,0.106137,0.112508,0.110114
1.39017,0.264049,0.13897,0.115476,0.0985223
1.39159,0.312426,0.171805,0.118444,0.08693
1.393,0.360799,0.204637,0.121411,0.0753389
1.39441,0.325778,0.168559,0.116436,0.0990454
1.39583,0.290757,0.132482,0.111461,0.122752
1.39724,0.255735,0.0964043,0.106486,0.146458
1.39866,0.220712,0.0603247,0.101511,0.170166
1.40007,0.185692,0.0242495,0.0965373,0.193874
1.40149,0.348552,0.219397,0.277228,0.355098
1.4029,0.511412,0.414545,0.457918,0.516321
1.40431,0.674272,0.609693,0.638609,0.677544
1.40573,0.837141,0.804853,0.81931,0.838777
1.40714,0.999999,0.999999,0.999999,0.999999
1.40856,0.800002,0.800002,0.800002,0.800002
1.40997,0.600004,0.600004,0.600004,0.600004
1.41139,0.399995,0.399995,0.399995,0.399995
1.4128,0.199997,0.199997,0.199997,0.199997
1.41421,-3.06937e-31,-3.09997e-31,-3.16517e-31,-3.06258e-31
