"arc_length","N=0","N=1","N=2","N=3","Exact","No Filter"
0,0,0,0,0,0,0
0.00141421,0.000809235,0.000810037,0.000810493,0.000810796,0.000848057,0.000815315
0.00282843,0.00161847,0.00162007,0.00162099,0.00162159,0.00169611,0.00163063
0.00424264,0.00242771,0.00243011,0.00243148,0.00243239,0.00254417,0.00244595
0.00565685,0.00323694,0.00324015,0.00324197,0.00324318,0.00339223,0.00326126
0.00707107,0.00404618,0.00405018,0.00405246,0.00405398,0.00424029,0.00407658
0.00848528,0.00485541,0.00486022,0.00486296,0.00486478,0.00508834,0.00489189
0.0098995,0.00566465,0.00567026,0.00567345,0.00567557,0.0059364,0.00570721
0.0113137,0.00647388,0.00648029,0.00648394,0.00648637,0.00678446,0.00652252
0.0127279,0.00728312,0.00729033,0.00729443,0.00729716,0.00763251,0.00733784
0.0141421,0.00809235,0.00810037,0.00810493,0.00810796,0.00848057,0.00815315
0.0155563,0.00890159,0.0089104,0.00891542,0.00891875,0.00932863,0.00896847
0.0169706,0.00971082,0.00972044,0.00972591,0.00972955,0.0101767,0.00978378
0.0183848,0.0105574,0.0105683,0.0105745,0.0105786,0.0110461,0.0106358
0.019799,0.0114414,0.011454,0.0114611,0.011466,0.011937,0.0115245
0.0212132,0.0123253,0.0123397,0.0123478,0.0123533,0.0128279,0.0124133
0.0226274,0.0132093,0.0132254,0.0132345,0.0132406,0.0137187,0.013302
0.0240416,0.0140932,0.014111,0.0141211,0.014128,0.0146096,0.0141907
0.0254558,0.0149772,0.0149967,0.0150078,0.0150153,0.0155005,0.0150794
0.0268701,0.0158611,0.0158824,0.0158944,0.0159027,0.0163913,0.0159682
0.0282843,0.0167451,0.0167681,0.0167811,0.01679,0.0172822,0.0168569
0.0296985,0.017629,0.0176538,0.0176677,0.0176773,0.0181731,0.0177456
0.0311127,0.018513,0.0185395,0.0185544,0.0185647,0.0190639,0.0186343
0.0325269,0.0193969,0.0194251,0.0194411,0.019452,0.0199548,0.0195231
0.0339411,0.0202809,0.0203108,0.0203277,0.0203394,0.0208456,0.0204118
0.0353553,0.0211648,0.0211965,0.0212144,0.0212267,0.0217365,0.0213005
0.0367696,0.0220874,0.0221199,0.0221378,0.0221502,0.0226522,0.0222202
0.0381838,0.02301,0.0230433,0.0230613,0.0230737,0.0235678,0.0231399
0.039598,0.0239326,0.0239667,0.0239848,0.0239972,0.0244835,0.0240596
0.0410122,0.0248553,0.0248901,0.0249082,0.0249207,0.0253992,0.0249793
0.0424264,0.0257779,0.0258135,0.0258317,0.0258443,0.0263148,0.0258991
0.0438406,0.0267005,0.0267369,0.0267552,0.0267678,0.0272305,0.0268188
0.0452548,0.0276231,0.0276603,0.0276786,0.0276913,0.0281462,0.0277385
0.046669,0.0285457,0.0285837,0.0286021,0.0286148,0.0290618,0.0286582
0.0480833,0.0294683,0.0295071,0.0295255,0.0295383,0.0299775,0.0295779
0.0494975,0.0303909,0.0304305,0.030449,0.0304618,0.0308931,0.0304976
0.0509117,0.0313136,0.0313539,0.0313725,0.0313853,0.0318088,0.0314173
0.0523259,0.0322362,0.0322773,0.0322959,0.0323088,0.0327245,0.032337
0.0537401,0.0331655,0.0332071,0.0332256,0.0332385,0.0336477,0.0332644
0.0551543,0.0341014,0.0341433,0.0341616,0.0341742,0.0345785,0.0341995
0.0565685,0.0350374,0.0350795,0.0350975,0.03511,0.0355093,0.0351346
0.0579828,0.0359734,0.0360157,0.0360335,0.0360457,0.0364402,0.0360696
0.059397,0.0369093,0.0369519,0.0369694,0.0369815,0.037371,0.0370047
0.0608112,0.0378453,0.0378881,0.0379054,0.0379173,0.0383018,0.0379398
0.0622254,0.0387813,0.0388243,0.0388413,0.038853,0.0392326,0.0388749
0.0636396,0.0397172,0.0397605,0.0397773,0.0397888,0.0401634,0.03981
0.0650538,0.0406532,0.0406967,0.0407132,0.0407245,0.0410942,0.0407451
0.066468,0.0415892,0.0416329,0.0416492,0.0416603,0.0420251,0.0416801
0.0678823,0.0425251,0.0425691,0.0425851,0.042596,0.0429559,0.0426152
0.0692965,0.0434611,0.0435053,0.0435211,0.0435318,0.0438867,0.0435503
0.0707107,0.0443971,0.0444415,0.044457,0.0444676,0.0448175,0.0444854
0.0721249,0.0453421,0.0453864,0.0454017,0.0454119,0.0457581,0.0454294
0.0735391,0.0462871,0.0463313,0.0463463,0.0463563,0.0466988,0.0463734
0.0749533,0.0472322,0.0472762,0.047291,0.0473006,0.0476394,0.0473174
0.0763675,0.0481772,0.0482211,0.0482356,0.048245,0.04858,0.0482614
0.0777817,0.0491222,0.0491661,0.0491803,0.0491893,0.0495206,0.0492054
0.079196,0.0500672,0.050111,0.0501249,0.0501337,0.0504612,0.0501494
0.0806102,0.0510123,0.0510559,0.0510696,0.051078,0.0514018,0.0510934
0.0820244,0.0519573,0.0520008,0.0520142,0.0520224,0.0523424,0.0520374
0.0834386,0.0529023,0.0529457,0.0529589,0.0529667,0.0532831,0.0529814
0.0848528,0.0538473,0.0538907,0.0539035,0.0539111,0.0542237,0.0539254
0.086267,0.0547924,0.0548356,0.0548482,0.0548555,0.0551643,0.0548694
0.0876812,0.0557374,0.0557805,0.0557928,0.0557998,0.0561049,0.0558133
0.0890955,0.0566852,0.0567281,0.0567403,0.056747,0.0570489,0.0567603
0.0905097,0.0576358,0.0576785,0.0576905,0.057697,0.0579962,0.0577101
0.0919239,0.0585863,0.0586289,0.0586406,0.058647,0.0589435,0.05866
0.0933381,0.0595369,0.0595793,0.0595908,0.0595971,0.0598908,0.0596098
0.0947523,0.0604875,0.0605297,0.060541,0.0605471,0.0608382,0.0605597
0.0961665,0.0614381,0.06148,0.0614912,0.0614971,0.0617855,0.0615095
0.0975807,0.0623886,0.0624304,0.0624414,0.0624471,0.0627328,0.0624594
0.0989949,0.0633392,0.0633808,0.0633916,0.0633971,0.0636801,0.0634092
0.100409,0.0642898,0.0643312,0.0643418,0.0643472,0.0646275,0.0643591
0.101823,0.0652404,0.0652815,0.065292,0.0652972,0.0655748,0.065309
0.103238,0.0661909,0.0662319,0.0662422,0.0662472,0.0665221,0.0662588
0.104652,0.0671415,0.0671823,0.0671924,0.0671972,0.0674694,0.0672087
0.106066,0.0680921,0.0681327,0.0681426,0.0681472,0.0684167,0.0681585
0.10748,0.0690467,0.0690871,0.0690969,0.0691014,0.0693689,0.0691126
0.108894,0.0700014,0.0700415,0.0700512,0.0700556,0.070321,0.0700666
0.110309,0.070956,0.0709959,0.0710054,0.0710098,0.0712732,0.0710207
0.111723,0.0719106,0.0719503,0.0719597,0.071964,0.0722253,0.0719748
0.113137,0.0728652,0.0729048,0.072914,0.0729182,0.0731775,0.0729288
0.114551,0.0738199,0.0738592,0.0738683,0.0738724,0.0741296,0.0738829
0.115966,0.0747745,0.0748136,0.0748226,0.0748266,0.0750818,0.0748369
0.11738,0.0757291,0.075768,0.0757769,0.0757808,0.0760339,0.075791
0.118794,0.0766838,0.0767224,0.0767312,0.076735,0.0769861,0.076745
0.120208,0.0776384,0.0776769,0.0776854,0.0776892,0.0779383,0.0776991
0.121622,0.078593,0.0786313,0.0786397,0.0786434,0.0788904,0.0786532
0.123037,0.0795477,0.0795857,0.079594,0.0795976,0.0798426,0.0796072
0.124451,0.0805039,0.0805417,0.0805499,0.0805533,0.0807965,0.0805629
0.125865,0.0814616,0.0814992,0.0815073,0.0815107,0.0817523,0.0815202
0.127279,0.0824193,0.0824567,0.0824647,0.0824681,0.0827081,0.0824774
0.128693,0.083377,0.0834142,0.0834222,0.0834255,0.0836639,0.0834347
0.130108,0.0843347,0.0843717,0.0843796,0.0843829,0.0846197,0.084392
0.131522,0.0852925,0.0853293,0.085337,0.0853403,0.0855755,0.0853492
0.132936,0.0862502,0.0862868,0.0862945,0.0862977,0.0865313,0.0863065
0.13435,0.0872079,0.0872443,0.0872519,0.0872551,0.0874871,0.0872638
0.135765,0.0881656,0.0882018,0.0882093,0.0882125,0.0884429,0.088221
0.137179,0.0891233,0.0891593,0.0891668,0.0891699,0.0893987,0.0891783
0.138593,0.0900811,0.0901169,0.0901242,0.0901273,0.0903545,0.0901356
0.140007,0.0910388,0.0910744,0.0910816,0.0910847,0.0913103,0.0910928
0.141421,0.0919965,0.0920319,0.0920391,0.0920421,0.0922661,0.0920501
0.142836,0.0929567,0.0929919,0.092999,0.093002,0.0932247,0.0930099
0.14425,0.0939169,0.0939519,0.0939589,0.0939619,0.0941834,0.0939697
0.145664,0.0948771,0.0949119,0.0949189,0.0949219,0.095142,0.0949295
0.147078,0.0958372,0.0958719,0.0958788,0.0958818,0.0961006,0.0958894
0.148492,0.0967974,0.0968319,0.0968388,0.0968417,0.0970593,0.0968492
0.149907,0.0977576,0.0977919,0.0977987,0.0978016,0.0980179,0.097809
0.151321,0.0987178,0.0987519,0.0987587,0.0987615,0.0989766,0.0987688
0.152735,0.099678,0.0997119,0.0997186,0.0997215,0.0999352,0.0997286
0.154149,0.100638,0.100672,0.100679,0.100681,0.100894,0.100688
0.155563,0.101598,0.101632,0.101638,0.101641,0.101853,0.101648
0.156978,0.102559,0.102592,0.102598,0.102601,0.102811,0.102608
0.158392,0.103519,0.103552,0.103558,0.103561,0.10377,0.103568
0.159806,0.10448,0.104513,0.104519,0.104522,0.10473,0.104529
0.16122,0.105442,0.105475,0.105481,0.105484,0.105691,0.105491
0.162635,0.106404,0.106437,0.106443,0.106446,0.106652,0.106453
0.164049,0.107367,0.107399,0.107405,0.107408,0.107612,0.107414
0.165463,0.108329,0.108361,0.108367,0.10837,0.108573,0.108376
0.166877,0.109291,0.109323,0.109329,0.109332,0.109534,0.109338
0.168291,0.110253,0.110285,0.110291,0.110294,0.110495,0.1103
0.169706,0.111215,0.111247,0.111253,0.111256,0.111456,0.111262
0.17112,0.112178,0.112209,0.112215,0.112218,0.112417,0.112224
0.172534,0.11314,0.113171,0.113177,0.11318,0.113378,0.113186
0.173948,0.114102,0.114133,0.114139,0.114142,0.114339,0.114148
0.175362,0.115064,0.115095,0.115101,0.115104,0.1153,0.11511
0.176777,0.116026,0.116057,0.116063,0.116066,0.116261,0.116072
0.178191,0.11699,0.117021,0.117027,0.11703,0.117224,0.117035
0.179605,0.117954,0.117985,0.117991,0.117993,0.118187,0.117999
0.181019,0.118918,0.118949,0.118955,0.118957,0.11915,0.118963
0.182434,0.119882,0.119913,0.119918,0.119921,0.120112,0.119926
0.183848,0.120846,0.120876,0.120882,0.120885,0.121075,0.12089
0.185262,0.12181,0.12184,0.121846,0.121848,0.122038,0.121854
0.186676,0.122774,0.122804,0.12281,0.122812,0.123001,0.122817
0.18809,0.123738,0.123768,0.123773,0.123776,0.123964,0.123781
0.189505,0.124702,0.124731,0.124737,0.124739,0.124927,0.124744
0.190919,0.125666,0.125695,0.125701,0.125703,0.12589,0.125708
0.192333,0.126629,0.126659,0.126665,0.126667,0.126852,0.126672
0.193747,0.127593,0.127623,0.127628,0.127631,0.127815,0.127635
0.195161,0.128558,0.128587,0.128593,0.128595,0.128779,0.1286
0.196576,0.129523,0.129552,0.129558,0.12956,0.129743,0.129565
0.19799,0.130489,0.130518,0.130523,0.130525,0.130708,0.13053
0.199404,0.131454,0.131483,0.131488,0.131491,0.131672,0.131495
0.200818,0.132419,0.132448,0.132454,0.132456,0.132637,0.13246
0.202233,0.133385,0.133413,0.133419,0.133421,0.133601,0.133426
0.203647,0.13435,0.134379,0.134384,0.134386,0.134566,0.134391
0.205061,0.135316,0.135344,0.135349,0.135351,0.13553,0.135356
0.206475,0.136281,0.136309,0.136314,0.136317,0.136495,0.136321
0.207889,0.137246,0.137274,0.13728,0.137282,0.137459,0.137286
0.209304,0.138212,0.13824,0.138245,0.138247,0.138423,0.138251
0.210718,0.139177,0.139205,0.13921,0.139212,0.139388,0.139216
0.212132,0.140142,0.14017,0.140175,0.140177,0.140352,0.140182
0.213546,0.141109,0.141137,0.141142,0.141144,0.141318,0.141148
0.21496,0.142076,0.142103,0.142108,0.14211,0.142284,0.142114
0.216375,0.143042,0.14307,0.143075,0.143077,0.14325,0.143081
0.217789,0.144009,0.144036,0.144041,0.144043,0.144216,0.144047
0.219203,0.144975,0.145003,0.145008,0.14501,0.145182,0.145014
0.220617,0.145942,0.145969,0.145974,0.145976,0.146147,0.14598
0.222032,0.146909,0.146936,0.146941,0.146943,0.147113,0.146946
0.223446,0.147875,0.147902,0.147907,0.147909,0.148079,0.147913
0.22486,0.148842,0.148869,0.148874,0.148876,0.149045,0.148879
0.226274,0.149809,0.149835,0.14984,0.149842,0.150011,0.149846
0.227688,0.150775,0.150802,0.150807,0.150808,0.150976,0.150812
0.229103,0.151742,0.151768,0.151773,0.151775,0.151942,0.151779
0.230517,0.152709,0.152735,0.15274,0.152742,0.152909,0.152746
0.231931,0.153677,0.153703,0.153708,0.15371,0.153876,0.153713
0.233345,0.154644,0.15467,0.154675,0.154677,0.154843,0.154681
0.234759,0.155612,0.155638,0.155643,0.155645,0.15581,0.155648
0.236174,0.15658,0.156606,0.15661,0.156612,0.156777,0.156616
0.237588,0.157547,0.157573,0.157578,0.15758,0.157744,0.157583
0.239002,0.158515,0.158541,0.158546,0.158547,0.158711,0.158551
0.240416,0.159483,0.159508,0.159513,0.159515,0.159678,0.159518
0.241831,0.160451,0.160476,0.160481,0.160483,0.160645,0.160486
0.243245,0.161418,0.161444,0.161448,0.16145,0.161612,0.161453
0.244659,0.162386,0.162411,0.162416,0.162418,0.162579,0.162421
0.246073,0.163354,0.163379,0.163384,0.163385,0.163546,0.163389
0.247487,0.164321,0.164347,0.164351,0.164353,0.164513,0.164356
0.248902,0.16529,0.165315,0.16532,0.165321,0.165481,0.165325
0.250316,0.166259,0.166284,0.166288,0.16629,0.166449,0.166293
0.25173,0.167228,0.167252,0.167257,0.167259,0.167417,0.167262
0.253144,0.168196,0.168221,0.168225,0.168227,0.168385,0.16823
0.254558,0.169165,0.169189,0.169194,0.169196,0.169353,0.169199
0.255973,0.170134,0.170158,0.170163,0.170164,0.170321,0.170167
0.257387,0.171102,0.171127,0.171131,0.171133,0.17129,0.171136
0.258801,0.172071,0.172095,0.1721,0.172101,0.172258,0.172104
0.260215,0.17304,0.173064,0.173068,0.17307,0.173226,0.173073
0.26163,0.174008,0.174032,0.174037,0.174039,0.174194,0.174041
0.263044,0.174977,0.175001,0.175005,0.175007,0.175162,0.17501
0.264458,0.175946,0.17597,0.175974,0.175976,0.17613,0.175978
0.265872,0.176915,0.176939,0.176943,0.176945,0.177098,0.176947
0.267286,0.177884,0.177908,0.177912,0.177914,0.178067,0.177917
0.268701,0.178854,0.178878,0.178882,0.178883,0.179036,0.178886
0.270115,0.179823,0.179847,0.179851,0.179853,0.180005,0.179856
0.271529,0.180793,0.180816,0.180821,0.180822,0.180974,0.180825
0.272943,0.181762,0.181786,0.18179,0.181792,0.181943,0.181794
0.274357,0.182732,0.182755,0.18276,0.182761,0.182912,0.182764
0.275772,0.183701,0.183725,0.183729,0.183731,0.183881,0.183733
0.277186,0.184671,0.184694,0.184699,0.1847,0.18485,0.184703
0.2786,0.185641,0.185664,0.185668,0.185669,0.185819,0.185672
0.280014,0.18661,0.186633,0.186637,0.186639,0.186788,0.186641
0.281428,0.18758,0.187603,0.187607,0.187608,0.187757,0.187611
0.282843,0.188549,0.188572,0.188576,0.188578,0.188726,0.18858
0.284257,0.189519,0.189542,0.189546,0.189548,0.189696,0.18955
0.285671,0.19049,0.190513,0.190517,0.190518,0.190666,0.190521
0.287085,0.19146,0.191483,0.191487,0.191488,0.191636,0.191491
0.2885,0.19243,0.192453,0.192457,0.192459,0.192605,0.192461
0.289914,0.193401,0.193423,0.193427,0.193429,0.193575,0.193431
0.291328,0.194371,0.194393,0.194398,0.194399,0.194545,0.194401
0.292742,0.195341,0.195364,0.195368,0.195369,0.195515,0.195372
0.294156,0.196312,0.196334,0.196338,0.196339,0.196485,0.196342
0.295571,0.197282,0.197304,0.197308,0.19731,0.197455,0.197312
0.296985,0.198252,0.198274,0.198278,0.19828,0.198424,0.198282
0.298399,0.199222,0.199245,0.199249,0.19925,0.199394,0.199252
0.299813,0.200193,0.200215,0.200219,0.20022,0.200364,0.200222
0.301227,0.201163,0.201185,0.201189,0.201191,0.201334,0.201193
0.302642,0.202134,0.202156,0.20216,0.202162,0.202305,0.202164
0.304056,0.203105,0.203127,0.203131,0.203133,0.203275,0.203135
0.30547,0.204076,0.204098,0.204102,0.204103,0.204246,0.204106
0.306884,0.205047,0.205069,0.205073,0.205074,0.205216,0.205077
0.308299,0.206018,0.20604,0.206044,0.206045,0.206187,0.206047
0.309713,0.206989,0.207011,0.207015,0.207016,0.207157,0.207018
0.311127,0.20796,0.207982,0.207986,0.207987,0.208128,0.207989
0.312541,0.208931,0.208953,0.208957,0.208958,0.209098,0.20896
0.313955,0.209902,0.209924,0.209928,0.209929,0.210069,0.209931
0.31537,0.210873,0.210895,0.210898,0.2109,0.21104,0.210902
0.316784,0.211844,0.211866,0.211869,0.211871,0.21201,0.211873
0.318198,0.212815,0.212836,0.21284,0.212842,0.212981,0.212844
0.319612,0.213787,0.213808,0.213812,0.213813,0.213952,0.213815
0.321026,0.214759,0.21478,0.214783,0.214785,0.214923,0.214787
0.322441,0.21573,0.215751,0.215755,0.215756,0.215894,0.215758
0.323855,0.216702,0.216723,0.216726,0.216728,0.216865,0.21673
0.325269,0.217673,0.217694,0.217698,0.217699,0.217837,0.217701
0.326683,0.218645,0.218666,0.21867,0.218671,0.218808,0.218673
0.328098,0.219617,0.219637,0.219641,0.219642,0.219779,0.219644
0.329512,0.220588,0.220609,0.220613,0.220614,0.22075,0.220616
0.330926,0.22156,0.22158,0.221584,0.221585,0.221721,0.221587
0.33234,0.222531,0.222552,0.222556,0.222557,0.222693,0.222559
0.333754,0.223503,0.223524,0.223527,0.223528,0.223664,0.22353
0.335169,0.224475,0.224495,0.224499,0.2245,0.224635,0.224502
0.336583,0.225447,0.225467,0.225471,0.225472,0.225607,0.225474
0.337997,0.226419,0.226439,0.226443,0.226444,0.226578,0.226446
0.339411,0.227391,0.227411,0.227415,0.227416,0.22755,0.227418
0.340825,0.228363,0.228383,0.228387,0.228388,0.228522,0.22839
0.34224,0.229335,0.229355,0.229359,0.22936,0.229494,0.229362
0.343654,0.230307,0.230328,0.230331,0.230332,0.230466,0.230334
0.345068,0.23128,0.2313,0.231303,0.231304,0.231437,0.231306
0.346482,0.232252,0.232272,0.232275,0.232277,0.232409,0.232278
0.347897,0.233224,0.233244,0.233247,0.233249,0.233381,0.23325
0.349311,0.234196,0.234216,0.23422,0.234221,0.234353,0.234222
0.350725,0.235168,0.235188,0.235192,0.235193,0.235325,0.235194
0.352139,0.236141,0.23616,0.236164,0.236165,0.236296,0.236167
0.353553,0.237113,0.237132,0.237136,0.237137,0.237268,0.237139
0.354968,0.238085,0.238105,0.238108,0.23811,0.238241,0.238111
0.356382,0.239058,0.239078,0.239081,0.239082,0.239213,0.239084
0.357796,0.240031,0.24005,0.240054,0.240055,0.240185,0.240056
0.35921,0.241004,0.241023,0.241026,0.241028,0.241158,0.241029
0.360624,0.241976,0.241996,0.241999,0.242,0.24213,0.242002
0.362039,0.242949,0.242968,0.242972,0.242973,0.243102,0.242974
0.363453,0.243922,0.243941,0.243944,0.243945,0.244075,0.243947
0.364867,0.244894,0.244913,0.244917,0.244918,0.245047,0.24492
0.366281,0.245867,0.245886,0.245889,0.245891,0.246019,0.245892
0.367696,0.24684,0.246859,0.246862,0.246863,0.246992,0.246865
0.36911,0.247812,0.247831,0.247835,0.247836,0.247964,0.247837
0.370524,0.248785,0.248804,0.248807,0.248808,0.248936,0.24881
0.371938,0.249758,0.249777,0.24978,0.249781,0.249909,0.249783
0.373352,0.250731,0.25075,0.250753,0.250754,0.250882,0.250756
0.374767,0.251704,0.251723,0.251726,0.251727,0.251855,0.251729
0.376181,0.252677,0.252696,0.2527,0.252701,0.252827,0.252702
0.377595,0.253651,0.253669,0.253673,0.253674,0.2538,0.253675
0.379009,0.254624,0.254642,0.254646,0.254647,0.254773,0.254648
0.380423,0.255597,0.255616,0.255619,0.25562,0.255746,0.255621
0.381838,0.25657,0.256589,0.256592,0.256593,0.256719,0.256594
0.383252,0.257543,0.257562,0.257565,0.257566,0.257692,0.257567
0.384666,0.258516,0.258535,0.258538,0.258539,0.258664,0.258541
0.38608,0.25949,0.259508,0.259511,0.259512,0.259637,0.259514
0.387495,0.260463,0.260481,0.260484,0.260485,0.26061,0.260487
0.388909,0.261436,0.261454,0.261457,0.261458,0.261583,0.26146
0.390323,0.262409,0.262428,0.262431,0.262432,0.262556,0.262433
0.391737,0.263383,0.263401,0.263404,0.263405,0.26353,0.263407
0.393151,0.264357,0.264375,0.264378,0.264379,0.264503,0.26438
0.394566,0.26533,0.265348,0.265351,0.265353,0.265476,0.265354
0.39598,0.266304,0.266322,0.266325,0.266326,0.266449,0.266327
0.397394,0.267277,0.267295,0.267299,0.2673,0.267423,0.267301
0.398808,0.268251,0.268269,0.268272,0.268273,0.268396,0.268274
0.400222,0.269225,0.269243,0.269246,0.269247,0.269369,0.269248
0.401637,0.270198,0.270216,0.270219,0.27022,0.270343,0.270221
0.403051,0.271172,0.27119,0.271193,0.271194,0.271316,0.271195
0.404465,0.272145,0.272163,0.272166,0.272167,0.272289,0.272168
0.405879,0.273119,0.273137,0.27314,0.273141,0.273262,0.273142
0.407293,0.274093,0.27411,0.274113,0.274114,0.274236,0.274116
0.408708,0.275067,0.275084,0.275087,0.275088,0.27521,0.27509
0.410122,0.276041,0.276058,0.276061,0.276062,0.276183,0.276063
0.411536,0.277015,0.277032,0.277035,0.277036,0.277157,0.277037
0.41295,0.277989,0.278006,0.278009,0.27801,0.278131,0.278011
0.414365,0.278963,0.27898,0.278983,0.278984,0.279104,0.278985
0.415779,0.279936,0.279954,0.279957,0.279958,0.280078,0.279959
0.417193,0.28091,0.280928,0.280931,0.280932,0.281052,0.280933
0.418607,0.281884,0.281902,0.281905,0.281906,0.282026,0.281907
0.420021,0.282858,0.282876,0.282879,0.28288,0.282999,0.282881
0.421436,0.283832,0.28385,0.283853,0.283854,0.283973,0.283855
0.42285,0.284806,0.284824,0.284827,0.284828,0.284947,0.284829
0.424264,0.28578,0.285798,0.285801,0.285801,0.28592,0.285803
0.425678,0.286755,0.286772,0.286775,0.286776,0.286894,0.286777
0.427092,0.287729,0.287746,0.287749,0.28775,0.287868,0.287751
0.428507,0.288703,0.288721,0.288723,0.288724,0.288843,0.288725
0.429921,0.289678,0.289695,0.289698,0.289699,0.289817,0.2897
0.431335,0.290652,0.290669,0.290672,0.290673,0.290791,0.290674
0.432749,0.291626,0.291643,0.291646,0.291647,0.291765,0.291648
0.434164,0.292601,0.292618,0.292621,0.292621,0.292739,0.292623
0.435578,0.293575,0.293592,0.293595,0.293596,0.293713,0.293597
0.436992,0.294549,0.294566,0.294569,0.29457,0.294687,0.294571
0.438406,0.295524,0.295541,0.295543,0.295544,0.295661,0.295545
0.43982,0.296498,0.296515,0.296518,0.296519,0.296635,0.29652
0.441235,0.297472,0.297489,0.297492,0.297493,0.297609,0.297494
0.442649,0.298447,0.298464,0.298466,0.298467,0.298584,0.298468
0.444063,0.299422,0.299438,0.299441,0.299442,0.299558,0.299443
0.445477,0.300396,0.300413,0.300416,0.300417,0.300532,0.300418
0.446892,0.301371,0.301388,0.30139,0.301391,0.301507,0.301392
0.448306,0.302346,0.302362,0.302365,0.302366,0.302481,0.302367
0.44972,0.30332,0.303337,0.30334,0.30334,0.303456,0.303341
0.451134,0.304295,0.304311,0.304314,0.304315,0.30443,0.304316
0.452548,0.30527,0.305286,0.305289,0.30529,0.305404,0.305291
0.453963,0.306244,0.306261,0.306263,0.306264,0.306379,0.306265
0.455377,0.307219,0.307235,0.307238,0.307239,0.307353,0.30724
0.456791,0.308194,0.30821,0.308213,0.308214,0.308328,0.308215
0.458205,0.309168,0.309185,0.309187,0.309188,0.309302,0.309189
0.459619,0.310143,0.310159,0.310162,0.310163,0.310277,0.310164
0.461034,0.311118,0.311134,0.311137,0.311138,0.311251,0.311139
0.462448,0.312093,0.312109,0.312112,0.312113,0.312226,0.312114
0.463862,0.313068,0.313084,0.313087,0.313088,0.313201,0.313089
0.465276,0.314043,0.314059,0.314062,0.314063,0.314176,0.314063
0.46669,0.315018,0.315034,0.315037,0.315037,0.31515,0.315038
0.468105,0.315993,0.316009,0.316012,0.316012,0.316125,0.316013
0.469519,0.316968,0.316984,0.316986,0.316987,0.3171,0.316988
0.470933,0.317943,0.317959,0.317961,0.317962,0.318075,0.317963
0.472347,0.318918,0.318934,0.318936,0.318937,0.319049,0.318938
0.473762,0.319893,0.319909,0.319911,0.319912,0.320024,0.319913
0.475176,0.320868,0.320884,0.320886,0.320887,0.320999,0.320888
0.47659,0.321843,0.321859,0.321861,0.321862,0.321974,0.321863
0.478004,0.322818,0.322834,0.322836,0.322837,0.322948,0.322838
0.479418,0.323793,0.323809,0.323811,0.323812,0.323924,0.323813
0.480833,0.324768,0.324784,0.324787,0.324787,0.324899,0.324788
0.482247,0.325744,0.325759,0.325762,0.325763,0.325874,0.325764
0.483661,0.326719,0.326735,0.326737,0.326738,0.326849,0.326739
0.485075,0.327694,0.32771,0.327712,0.327713,0.327824,0.327714
0.486489,0.328669,0.328685,0.328687,0.328688,0.328799,0.328689
0.487904,0.329645,0.32966,0.329663,0.329663,0.329774,0.329664
0.489318,0.33062,0.330635,0.330638,0.330639,0.330749,0.33064
0.490732,0.331595,0.331611,0.331613,0.331614,0.331724,0.331615
0.492146,0.33257,0.332586,0.332588,0.332589,0.332699,0.33259
0.493561,0.333546,0.333561,0.333564,0.333564,0.333674,0.333565
0.494975,0.334521,0.334536,0.334539,0.33454,0.334649,0.33454
0.496389,0.335496,0.335512,0.335514,0.335515,0.335624,0.335516
0.497803,0.336472,0.336487,0.33649,0.33649,0.3366,0.336491
0.499217,0.337447,0.337463,0.337465,0.337466,0.337575,0.337467
0.500632,0.338423,0.338438,0.338441,0.338441,0.33855,0.338442
0.502046,0.339398,0.339414,0.339416,0.339417,0.339526,0.339418
0.50346,0.340374,0.340389,0.340392,0.340392,0.340501,0.340393
0.504874,0.341349,0.341365,0.341367,0.341368,0.341476,0.341369
0.506288,0.342325,0.34234,0.342343,0.342343,0.342452,0.342344
0.507703,0.343301,0.343316,0.343318,0.343319,0.343427,0.34332
0.509117,0.344276,0.344291,0.344294,0.344294,0.344402,0.344295
0.510531,0.345252,0.345267,0.345269,0.34527,0.345377,0.345271
0.511945,0.346227,0.346242,0.346245,0.346245,0.346353,0.346246
0.51336,0.347203,0.347218,0.34722,0.347221,0.347328,0.347222
0.514774,0.348179,0.348194,0.348196,0.348197,0.348304,0.348197
0.516188,0.349154,0.349169,0.349172,0.349172,0.349279,0.349173
0.517602,0.35013,0.350145,0.350147,0.350148,0.350255,0.350149
0.519016,0.351106,0.351121,0.351123,0.351124,0.35123,0.351125
0.520431,0.352081,0.352096,0.352099,0.352099,0.352206,0.3521
0.521845,0.353057,0.353072,0.353074,0.353075,0.353182,0.353076
0.523259,0.354033,0.354048,0.35405,0.354051,0.354157,0.354052
0.524673,0.355009,0.355024,0.355026,0.355027,0.355133,0.355027
0.526087,0.355984,0.355999,0.356002,0.356002,0.356108,0.356003
0.527502,0.35696,0.356975,0.356977,0.356978,0.357084,0.356979
0.528916,0.357936,0.357951,0.357953,0.357954,0.358059,0.357954
0.53033,0.358912,0.358926,0.358929,0.358929,0.359035,0.35893
0.531744,0.359888,0.359902,0.359905,0.359905,0.360011,0.359906
0.533159,0.360864,0.360878,0.360881,0.360881,0.360987,0.360882
0.534573,0.36184,0.361854,0.361857,0.361857,0.361962,0.361858
0.535987,0.362816,0.36283,0.362833,0.362833,0.362938,0.362834
0.537401,0.363792,0.363806,0.363809,0.363809,0.363914,0.36381
0.538815,0.364768,0.364782,0.364784,0.364785,0.36489,0.364786
0.54023,0.365744,0.365758,0.36576,0.365761,0.365866,0.365762
0.541644,0.36672,0.366734,0.366736,0.366737,0.366841,0.366738
0.543058,0.367696,0.36771,0.367712,0.367713,0.367817,0.367714
0.544472,0.368672,0.368686,0.368688,0.368689,0.368793,0.36869
0.545886,0.369648,0.369662,0.369664,0.369665,0.369769,0.369666
0.547301,0.370624,0.370638,0.37064,0.370641,0.370745,0.370642
0.548715,0.3716,0.371614,0.371616,0.371617,0.371721,0.371618
0.550129,0.372576,0.37259,0.372592,0.372593,0.372697,0.372594
0.551543,0.373552,0.373566,0.373569,0.373569,0.373673,0.37357
0.552958,0.374528,0.374543,0.374545,0.374545,0.374649,0.374546
0.554372,0.375504,0.375519,0.375521,0.375522,0.375625,0.375522
0.555786,0.376481,0.376495,0.376497,0.376498,0.376601,0.376498
0.5572,0.377457,0.377471,0.377473,0.377474,0.377577,0.377474
0.558614,0.378433,0.378447,0.378449,0.37845,0.378553,0.378451
0.560029,0.379409,0.379423,0.379425,0.379426,0.379529,0.379427
0.561443,0.380385,0.380399,0.380401,0.380402,0.380505,0.380403
0.562857,0.381361,0.381375,0.381378,0.381378,0.381481,0.381379
0.564271,0.382338,0.382352,0.382354,0.382354,0.382457,0.382355
0.565685,0.383314,0.383328,0.38333,0.383331,0.383433,0.383331
0.5671,0.38429,0.384304,0.384306,0.384307,0.384409,0.384308
0.568514,0.385267,0.385281,0.385283,0.385283,0.385385,0.385284
0.569928,0.386243,0.386257,0.386259,0.38626,0.386361,0.38626
0.571342,0.387219,0.387233,0.387235,0.387236,0.387338,0.387237
0.572756,0.388196,0.38821,0.388212,0.388212,0.388314,0.388213
0.574171,0.389172,0.389186,0.389188,0.389189,0.38929,0.389189
0.575585,0.390149,0.390163,0.390165,0.390165,0.390266,0.390166
0.576999,0.391125,0.391139,0.391141,0.391142,0.391242,0.391142
0.578413,0.392102,0.392115,0.392117,0.392118,0.392219,0.392119
0.579828,0.393078,0.393092,0.393094,0.393094,0.393195,0.393095
0.581242,0.394054,0.394068,0.39407,0.394071,0.394171,0.394071
0.582656,0.395031,0.395045,0.395047,0.395047,0.395147,0.395048
0.58407,0.396007,0.396021,0.396023,0.396024,0.396124,0.396024
0.585484,0.396984,0.396997,0.396999,0.397,0.3971,0.397001
0.586899,0.39796,0.397974,0.397976,0.397977,0.398076,0.397977
0.588313,0.398937,0.39895,0.398952,0.398953,0.399053,0.398954
0.589727,0.399913,0.399927,0.399929,0.399929,0.400029,0.39993
0.591141,0.40089,0.400903,0.400905,0.400906,0.401006,0.400906
0.592555,0.401866,0.40188,0.401882,0.401882,0.401982,0.401883
0.59397,0.402843,0.402856,0.402858,0.402859,0.402958,0.402859
0.595384,0.403819,0.403833,0.403835,0.403835,0.403935,0.403836
0.596798,0.404796,0.404809,0.404811,0.404812,0.404911,0.404812
0.598212,0.405772,0.405786,0.405788,0.405788,0.405888,0.405789
0.599627,0.406749,0.406762,0.406764,0.406765,0.406864,0.406765
0.601041,0.407725,0.407739,0.407741,0.407741,0.40784,0.407742
0.602455,0.408702,0.408715,0.408717,0.408718,0.408817,0.408718
0.603869,0.409679,0.409692,0.409694,0.409695,0.409793,0.409695
0.605283,0.410656,0.410669,0.410671,0.410671,0.41077,0.410672
0.606698,0.411632,0.411646,0.411648,0.411648,0.411747,0.411649
0.608112,0.412609,0.412623,0.412624,0.412625,0.412723,0.412626
0.609526,0.413586,0.413599,0.413601,0.413602,0.4137,0.413602
0.61094,0.414563,0.414576,0.414578,0.414579,0.414676,0.414579
0.612354,0.41554,0.415553,0.415555,0.415555,0.415653,0.415556
0.613769,0.416516,0.41653,0.416532,0.416532,0.416629,0.416533
0.615183,0.417493,0.417506,0.417508,0.417509,0.417606,0.417509
0.616597,0.41847,0.418483,0.418485,0.418486,0.418583,0.418486
0.618011,0.419447,0.41946,0.419462,0.419462,0.419559,0.419463
0.619426,0.420424,0.420437,0.420439,0.420439,0.420536,0.42044
0.62084,0.4214,0.421413,0.421415,0.421416,0.421513,0.421416
0.622254,0.422377,0.42239,0.422392,0.422393,0.422489,0.422393
0.623668,0.423354,0.423367,0.423369,0.423369,0.423466,0.42337
0.625082,0.424331,0.424344,0.424346,0.424346,0.424443,0.424347
0.626497,0.425307,0.42532,0.425322,0.425323,0.425419,0.425323
0.627911,0.426284,0.426297,0.426299,0.4263,0.426396,0.4263
0.629325,0.427261,0.427274,0.427276,0.427276,0.427373,0.427277
0.630739,0.428238,0.428251,0.428252,0.428253,0.42835,0.428254
0.632153,0.429214,0.429227,0.429229,0.42923,0.429326,0.42923
0.633568,0.430191,0.430204,0.430206,0.430206,0.430303,0.430207
0.634982,0.431168,0.431181,0.431183,0.431183,0.43128,0.431184
0.636396,0.432145,0.432158,0.432159,0.43216,0.432257,0.43216
0.63781,0.433122,0.433135,0.433136,0.433137,0.433233,0.433138
0.639225,0.434099,0.434112,0.434114,0.434114,0.43421,0.434115
0.640639,0.435076,0.435089,0.435091,0.435091,0.435187,0.435092
0.642053,0.436053,0.436066,0.436068,0.436068,0.436164,0.436069
0.643467,0.437031,0.437043,0.437045,0.437046,0.437141,0.437046
0.644881,0.438008,0.43802,0.438022,0.438023,0.438118,0.438023
0.646296,0.438985,0.438998,0.438999,0.439,0.439095,0.439
0.64771,0.439962,0.439975,0.439977,0.439977,0.440072,0.439978
0.649124,0.440939,0.440952,0.440954,0.440954,0.441048,0.440955
0.650538,0.441916,0.441929,0.441931,0.441931,0.442025,0.441932
0.651952,0.442894,0.442906,0.442908,0.442909,0.443002,0.442909
0.653367,0.443871,0.443883,0.443885,0.443886,0.443979,0.443886
0.654781,0.444848,0.44486,0.444862,0.444863,0.444956,0.444863
0.656195,0.445825,0.445837,0.445839,0.44584,0.445933,0.44584
0.657609,0.446802,0.446814,0.446816,0.446816,0.44691,0.446817
0.659024,0.447779,0.447791,0.447793,0.447793,0.447887,0.447794
0.660438,0.448755,0.448768,0.44877,0.44877,0.448864,0.448771
0.661852,0.449732,0.449745,0.449747,0.449747,0.449841,0.449748
0.663266,0.450709,0.450722,0.450723,0.450724,0.450818,0.450724
0.66468,0.451686,0.451699,0.4517,0.451701,0.451795,0.451701
0.666095,0.452663,0.452676,0.452677,0.452678,0.452772,0.452678
0.667509,0.45364,0.453652,0.453654,0.453655,0.453749,0.453655
0.668923,0.454617,0.454629,0.454631,0.454632,0.454726,0.454632
0.670337,0.455594,0.455606,0.455608,0.455608,0.455703,0.455609
0.671751,0.456571,0.456583,0.456585,0.456585,0.45668,0.456586
0.673166,0.457548,0.457561,0.457562,0.457563,0.457657,0.457563
0.67458,0.458526,0.458538,0.45854,0.45854,0.458634,0.458541
0.675994,0.459504,0.459516,0.459517,0.459518,0.459612,0.459518
0.677408,0.460481,0.460493,0.460495,0.460496,0.460589,0.460496
0.678823,0.461459,0.461471,0.461473,0.461473,0.461566,0.461474
0.680237,0.462436,0.462449,0.46245,0.462451,0.462543,0.462451
0.681651,0.463414,0.463426,0.463428,0.463428,0.46352,0.463429
0.683065,0.464391,0.464404,0.464405,0.464406,0.464497,0.464406
0.684479,0.465369,0.465381,0.465383,0.465383,0.465474,0.465384
0.685894,0.466347,0.466359,0.46636,0.466361,0.466452,0.466361
0.687308,0.467324,0.467336,0.467338,0.467339,0.467429,0.467339
0.688722,0.468302,0.468314,0.468316,0.468316,0.468406,0.468317
0.690136,0.469279,0.469291,0.469293,0.469293,0.469383,0.469294
0.69155,0.470256,0.470268,0.47027,0.47027,0.47036,0.470271
0.692965,0.471233,0.471245,0.471247,0.471247,0.471338,0.471248
0.694379,0.47221,0.472222,0.472223,0.472224,0.472315,0.472224
0.695793,0.473187,0.473199,0.4732,0.473201,0.473292,0.473201
0.697207,0.474164,0.474176,0.474177,0.474178,0.474269,0.474178
0.698622,0.475141,0.475153,0.475154,0.475155,0.475247,0.475155
0.700036,0.476118,0.476129,0.476131,0.476132,0.476224,0.476132
0.70145,0.477094,0.477106,0.477108,0.477108,0.477201,0.477109
0.702864,0.478071,0.478083,0.478085,0.478085,0.478178,0.478086
0.704278,0.479048,0.47906,0.479062,0.479062,0.479156,0.479063
0.705693,0.480025,0.480037,0.480039,0.480039,0.480133,0.480039
0.707107,0.481002,0.481014,0.481016,0.481016,0.48111,0.481016
0.708521,0.48198,0.481992,0.481994,0.481994,0.482087,0.481994
0.709935,0.482958,0.48297,0.482972,0.482972,0.483065,0.482973
0.711349,0.483936,0.483948,0.48395,0.48395,0.484042,0.483951
0.712764,0.484915,0.484926,0.484928,0.484928,0.485019,0.484929
0.714178,0.485893,0.485904,0.485906,0.485906,0.485997,0.485907
0.715592,0.486871,0.486882,0.486884,0.486885,0.486974,0.486885
0.717006,0.487849,0.487861,0.487862,0.487863,0.487952,0.487863
0.718421,0.488827,0.488839,0.48884,0.488841,0.488929,0.488841
0.719835,0.489805,0.489817,0.489818,0.489819,0.489906,0.489819
0.721249,0.490783,0.490795,0.490796,0.490797,0.490884,0.490797
0.722663,0.491761,0.491773,0.491774,0.491775,0.491861,0.491775
0.724077,0.492739,0.492751,0.492753,0.492753,0.492838,0.492754
0.725492,0.493717,0.493728,0.49373,0.49373,0.493816,0.493731
0.726906,0.494693,0.494705,0.494707,0.494707,0.494793,0.494708
0.72832,0.49567,0.495682,0.495683,0.495684,0.495771,0.495684
0.729734,0.496647,0.496658,0.49666,0.49666,0.496748,0.496661
0.731148,0.497623,0.497635,0.497637,0.497637,0.497726,0.497637
0.732563,0.4986,0.498612,0.498613,0.498614,0.498703,0.498614
0.733977,0.499577,0.499588,0.49959,0.49959,0.49968,0.499591
0.735391,0.500554,0.500565,0.500567,0.500567,0.500658,0.500567
0.736805,0.50153,0.501542,0.501543,0.501544,0.501635,0.501544
0.738219,0.502507,0.502518,0.50252,0.50252,0.502613,0.502521
0.739634,0.503484,0.503495,0.503497,0.503497,0.50359,0.503497
0.741048,0.504461,0.504472,0.504473,0.504474,0.504568,0.504474
0.742462,0.505437,0.505448,0.50545,0.50545,0.505545,0.505451
0.743876,0.506416,0.506427,0.506429,0.506429,0.506523,0.50643
0.745291,0.507395,0.507406,0.507408,0.507408,0.5075,0.507408
0.746705,0.508374,0.508385,0.508387,0.508387,0.508478,0.508387
0.748119,0.509353,0.509364,0.509365,0.509366,0.509455,0.509366
0.749533,0.510331,0.510343,0.510344,0.510345,0.510433,0.510345
0.750947,0.51131,0.511322,0.511323,0.511324,0.511411,0.511324
0.752362,0.512289,0.512301,0.512302,0.512302,0.512388,0.512303
0.753776,0.513268,0.513279,0.513281,0.513281,0.513366,0.513282
0.75519,0.514247,0.514258,0.51426,0.51426,0.514343,0.514261
0.756604,0.515226,0.515237,0.515239,0.515239,0.515321,0.51524
0.758018,0.516204,0.516216,0.516218,0.516218,0.516298,0.516218
0.759433,0.517183,0.517195,0.517196,0.517197,0.517276,0.517197
0.760847,0.518161,0.518172,0.518174,0.518174,0.518253,0.518175
0.762261,0.519137,0.519148,0.51915,0.51915,0.519231,0.519151
0.763675,0.520113,0.520124,0.520126,0.520126,0.520209,0.520127
0.76509,0.521089,0.5211,0.521102,0.521102,0.521186,0.521103
0.766504,0.522065,0.522076,0.522078,0.522078,0.522164,0.522079
0.767918,0.523041,0.523052,0.523054,0.523054,0.523142,0.523054
0.769332,0.524017,0.524028,0.52403,0.52403,0.524119,0.52403
0.770746,0.524993,0.525004,0.525006,0.525006,0.525097,0.525006
0.772161,0.525969,0.52598,0.525982,0.525982,0.526074,0.525982
0.773575,0.526946,0.526956,0.526958,0.526958,0.527052,0.526958
0.774989,0.527922,0.527932,0.527934,0.527934,0.52803,0.527934
0.776403,0.528898,0.528908,0.52891,0.52891,0.529007,0.52891
0.777817,0.529874,0.529884,0.529886,0.529886,0.529985,0.529886
0.779232,0.530854,0.530864,0.530866,0.530866,0.530963,0.530866
0.780646,0.531834,0.531845,0.531846,0.531846,0.53194,0.531847
0.78206,0.532814,0.532825,0.532826,0.532827,0.532918,0.532827
0.783474,0.533794,0.533805,0.533806,0.533807,0.533896,0.533807
0.784889,0.534774,0.534785,0.534787,0.534787,0.534874,0.534787
0.786303,0.535754,0.535765,0.535767,0.535767,0.535851,0.535768
0.787717,0.536735,0.536746,0.536747,0.536747,0.536829,0.536748
0.789131,0.537715,0.537726,0.537727,0.537728,0.537807,0.537728
0.790545,0.538695,0.538706,0.538708,0.538708,0.538784,0.538708
0.79196,0.539675,0.539686,0.539688,0.539688,0.539762,0.539689
0.793374,0.540655,0.540666,0.540668,0.540668,0.54074,0.540669
0.794788,0.541635,0.541647,0.541648,0.541649,0.541717,0.541649
0.796202,0.542612,0.542624,0.542625,0.542626,0.542695,0.542626
0.797616,0.543587,0.543599,0.5436,0.5436,0.543673,0.543601
0.799031,0.544562,0.544573,0.544574,0.544575,0.544651,0.544575
0.800445,0.545536,0.545547,0.545549,0.545549,0.545629,0.54555
0.801859,0.546511,0.546522,0.546523,0.546524,0.546606,0.546524
0.803273,0.547486,0.547496,0.547498,0.547498,0.547584,0.547499
0.804688,0.54846,0.548471,0.548472,0.548473,0.548562,0.548473
0.806102,0.549435,0.549445,0.549447,0.549447,0.54954,0.549447
0.807516,0.55041,0.55042,0.550421,0.550422,0.550517,0.550422
0.80893,0.551384,0.551394,0.551396,0.551396,0.551495,0.551396
0.810344,0.552359,0.552369,0.55237,0.552371,0.552473,0.552371
0.811759,0.553334,0.553343,0.553345,0.553345,0.553451,0.553345
0.813173,0.554308,0.554318,0.554319,0.554319,0.554428,0.554319
0.814587,0.555291,0.5553,0.555302,0.555302,0.555406,0.555302
0.816001,0.556273,0.556283,0.556284,0.556285,0.556384,0.556285
0.817415,0.557256,0.557266,0.557267,0.557267,0.557362,0.557268
0.81883,0.558238,0.558248,0.55825,0.55825,0.55834,0.55825
0.820244,0.55922,0.559231,0.559232,0.559233,0.559318,0.559233
0.821658,0.560203,0.560214,0.560215,0.560215,0.560296,0.560216
0.823072,0.561185,0.561196,0.561198,0.561198,0.561273,0.561198
0.824486,0.562168,0.562179,0.56218,0.562181,0.562251,0.562181
0.825901,0.56315,0.563161,0.563163,0.563163,0.563229,0.563164
0.827315,0.564132,0.564144,0.564145,0.564146,0.564207,0.564146
0.828729,0.565115,0.565127,0.565128,0.565129,0.565185,0.565129
0.830143,0.566097,0.566109,0.566111,0.566111,0.566163,0.566112
0.831558,0.567074,0.567086,0.567088,0.567088,0.56714,0.567089
0.832972,0.568046,0.568058,0.568059,0.56806,0.568118,0.56806
0.834386,0.569018,0.569029,0.569031,0.569031,0.569096,0.569031
0.8358,0.56999,0.570001,0.570002,0.570002,0.570074,0.570003
0.837214,0.570961,0.570972,0.570973,0.570974,0.571052,0.570974
0.838629,0.571933,0.571943,0.571945,0.571945,0.57203,0.571945
0.840043,0.572905,0.572915,0.572916,0.572916,0.573008,0.572917
0.841457,0.573877,0.573886,0.573887,0.573888,0.573986,0.573888
0.842871,0.574848,0.574858,0.574859,0.574859,0.574964,0.574859
0.844285,0.57582,0.575829,0.57583,0.57583,0.575942,0.57583
0.8457,0.576792,0.5768,0.576802,0.576802,0.576919,0.576802
0.847114,0.577763,0.577772,0.577773,0.577773,0.577897,0.577773
0.848528,0.578735,0.578743,0.578744,0.578745,0.578875,0.578744
0.849942,0.579722,0.57973,0.579732,0.579732,0.579853,0.579732
0.851357,0.580709,0.580718,0.580719,0.580719,0.580831,0.580719
0.852771,0.581695,0.581705,0.581706,0.581706,0.581809,0.581706
0.854185,0.582682,0.582692,0.582693,0.582694,0.582787,0.582694
0.855599,0.583669,0.583679,0.58368,0.583681,0.583765,0.583681
0.857013,0.584656,0.584666,0.584668,0.584668,0.584743,0.584668
0.858428,0.585643,0.585653,0.585655,0.585655,0.585721,0.585656
0.859842,0.586629,0.586641,0.586642,0.586643,0.586699,0.586643
0.861256,0.587616,0.587628,0.587629,0.58763,0.587677,0.58763
0.86267,0.588603,0.588615,0.588617,0.588617,0.588655,0.588618
0.864084,0.58959,0.589602,0.589604,0.589604,0.589633,0.589605
0.865499,0.590576,0.590589,0.590591,0.590592,0.590611,0.590592
0.866913,0.591553,0.591566,0.591567,0.591568,0.591588,0.591568
0.868327,0.592519,0.592531,0.592532,0.592533,0.592567,0.592534
0.869741,0.593484,0.593496,0.593498,0.593498,0.593545,0.593499
0.871156,0.59445,0.594461,0.594463,0.594463,0.594522,0.594464
0.87257,0.595416,0.595427,0.595428,0.595429,0.5955,0.595429
0.873984,0.596382,0.596392,0.596393,0.596394,0.596478,0.596394
0.875398,0.597348,0.597357,0.597358,0.597359,0.597456,0.597359
0.876812,0.598314,0.598323,0.598324,0.598324,0.598434,0.598324
0.878227,0.59928,0.599288,0.599289,0.599289,0.599412,0.599289
0.879641,0.600246,0.600253,0.600254,0.600254,0.60039,0.600254
0.881055,0.601212,0.601218,0.601219,0.601219,0.601368,0.601219
0.882469,0.602178,0.602184,0.602185,0.602185,0.602346,0.602184
0.883883,0.603143,0.603149,0.60315,0.60315,0.603324,0.603149
0.885298,0.604139,0.604145,0.604146,0.604146,0.604302,0.604145
0.886712,0.605134,0.605141,0.605142,0.605142,0.60528,0.605142
0.888126,0.606129,0.606137,0.606138,0.606138,0.606259,0.606138
0.88954,0.607124,0.607133,0.607134,0.607134,0.607237,0.607134
0.890955,0.608119,0.608129,0.60813,0.60813,0.608215,0.60813
0.892369,0.609114,0.609125,0.609126,0.609127,0.609193,0.609127
0.893783,0.610109,0.610121,0.610122,0.610123,0.610171,0.610123
0.895197,0.611104,0.611117,0.611118,0.611119,0.611149,0.611119
0.896611,0.612099,0.612112,0.612114,0.612115,0.612127,0.612115
0.898026,0.613095,0.613108,0.61311,0.613111,0.613105,0.613112
0.89944,0.61409,0.614104,0.614106,0.614107,0.614083,0.614108
0.900854,0.615085,0.6151,0.615102,0.615104,0.615061,0.615104
0.902268,0.61606,0.616075,0.616077,0.616078,0.616039,0.616079
0.903682,0.617014,0.617028,0.61703,0.617031,0.617017,0.617031
0.905097,0.617968,0.617981,0.617983,0.617984,0.617995,0.617984
0.906511,0.618923,0.618935,0.618936,0.618937,0.618973,0.618937
0.907925,0.619877,0.619888,0.619889,0.61989,0.619951,0.61989
0.909339,0.620832,0.620841,0.620842,0.620843,0.620929,0.620843
0.910754,0.621786,0.621794,0.621795,0.621796,0.621907,0.621796
0.912168,0.62274,0.622748,0.622748,0.622749,0.622885,0.622748
0.913582,0.623695,0.623701,0.623702,0.623702,0.623863,0.623701
0.914996,0.624649,0.624654,0.624655,0.624655,0.624842,0.624654
0.91641,0.625604,0.625607,0.625608,0.625608,0.62582,0.625607
0.917825,0.626558,0.626561,0.626561,0.626561,0.626798,0.62656
0.919239,0.627513,0.627514,0.627514,0.627514,0.627776,0.627513
0.920653,0.628524,0.628527,0.628527,0.628527,0.628754,0.628526
0.922067,0.629535,0.62954,0.62954,0.62954,0.629732,0.629539
0.923481,0.630546,0.630552,0.630553,0.630553,0.63071,0.630553
0.924896,0.631558,0.631565,0.631567,0.631567,0.631688,0.631566
0.92631,0.632569,0.632578,0.63258,0.63258,0.632666,0.63258
0.927724,0.63358,0.633591,0.633593,0.633593,0.633644,0.633593
0.929138,0.634592,0.634604,0.634606,0.634606,0.634622,0.634607
0.930553,0.635603,0.635617,0.63562,0.63562,0.635601,0.63562
0.931967,0.636614,0.63663,0.636633,0.636633,0.636579,0.636634
0.933381,0.637625,0.637643,0.637646,0.637646,0.637557,0.637647
0.934795,0.638637,0.638656,0.638659,0.63866,0.638535,0.638661
0.936209,0.639648,0.639668,0.639672,0.639673,0.639513,0.639674
0.937624,0.64062,0.64064,0.640644,0.640644,0.640491,0.640645
0.939038,0.641552,0.64157,0.641573,0.641573,0.641469,0.641574
0.940452,0.642484,0.642499,0.642502,0.642503,0.642447,0.642503
0.941866,0.643416,0.643429,0.643432,0.643432,0.643425,0.643432
0.94328,0.644348,0.644359,0.644361,0.644361,0.644404,0.644361
0.944695,0.64528,0.645288,0.64529,0.64529,0.645382,0.64529
0.946109,0.646212,0.646218,0.64622,0.64622,0.64636,0.646219
0.947523,0.647144,0.647148,0.647149,0.647149,0.647338,0.647148
0.948937,0.648076,0.648078,0.648078,0.648078,0.648316,0.648077
0.950351,0.649008,0.649007,0.649008,0.649007,0.649294,0.649006
0.951766,0.64994,0.649937,0.649937,0.649937,0.650272,0.649935
0.95318,0.650872,0.650867,0.650866,0.650866,0.651251,0.650864
0.954594,0.651804,0.651797,0.651795,0.651795,0.652229,0.651793
0.956008,0.652846,0.652842,0.652842,0.652842,0.653207,0.65284
0.957423,0.653889,0.653888,0.653888,0.653888,0.654185,0.653886
0.958837,0.654932,0.654934,0.654934,0.654934,0.655163,0.654933
0.960251,0.655974,0.65598,0.655981,0.655981,0.656141,0.65598
0.961665,0.657017,0.657026,0.657027,0.657027,0.657119,0.657027
0.963079,0.65806,0.658072,0.658073,0.658074,0.658098,0.658074
0.964494,0.659102,0.659118,0.65912,0.65912,0.659076,0.659121
0.965908,0.660145,0.660164,0.660166,0.660166,0.660054,0.660168
0.967322,0.661188,0.66121,0.661212,0.661213,0.661032,0.661215
0.968736,0.66223,0.662256,0.662259,0.662259,0.66201,0.662261
0.97015,0.663273,0.663301,0.663305,0.663306,0.662988,0.663308
0.971565,0.664316,0.664347,0.664351,0.664352,0.663966,0.664355
0.972979,0.665281,0.665312,0.665316,0.665317,0.664945,0.66532
0.974393,0.666169,0.666196,0.6662,0.6662,0.665923,0.666202
0.975807,0.667058,0.66708,0.667083,0.667083,0.666901,0.667085
0.977222,0.667946,0.667964,0.667966,0.667967,0.667879,0.667967
0.978636,0.668834,0.668848,0.66885,0.66885,0.668857,0.66885
0.98005,0.669723,0.669731,0.669733,0.669733,0.669835,0.669732
0.981464,0.670611,0.670615,0.670617,0.670617,0.670814,0.670615
0.982878,0.671499,0.671499,0.6715,0.6715,0.671792,0.671497
0.984293,0.672387,0.672383,0.672383,0.672383,0.67277,0.67238
0.985707,0.673276,0.673267,0.673267,0.673267,0.673748,0.673262
0.987121,0.674164,0.674151,0.67415,0.67415,0.674726,0.674145
0.988535,0.675052,0.675034,0.675034,0.675033,0.675705,0.675027
0.989949,0.67594,0.675918,0.675917,0.675916,0.676683,0.67591
0.991364,0.677044,0.677028,0.677027,0.677027,0.677661,0.677021
0.992778,0.678148,0.678138,0.678137,0.678137,0.678639,0.678133
0.994192,0.679251,0.679248,0.679248,0.679247,0.679617,0.679245
0.995606,0.680355,0.680358,0.680358,0.680358,0.680595,0.680357
0.997021,0.681459,0.681468,0.681468,0.681468,0.681574,0.681468
0.998435,0.682562,0.682577,0.682578,0.682578,0.682552,0.68258
0.999849,0.683666,0.683687,0.683689,0.683689,0.68353,0.683692
1.00126,0.68477,0.684797,0.684799,0.684799,0.684508,0.684804
1.00268,0.685873,0.685907,0.685909,0.685909,0.685486,0.685915
1.00409,0.686977,0.687017,0.687019,0.68702,0.686465,0.687027
1.00551,0.688081,0.688127,0.688129,0.68813,0.687443,0.688139
1.00692,0.689184,0.689237,0.68924,0.68924,0.688421,0.689251
1.00833,0.690138,0.690189,0.690192,0.690193,0.689399,0.690203
1.00975,0.690941,0.690984,0.690987,0.690988,0.690377,0.690995
1.01116,0.691744,0.69178,0.691782,0.691782,0.691355,0.691787
1.01258,0.692547,0.692575,0.692577,0.692577,0.692334,0.692579
1.01399,0.69335,0.69337,0.693372,0.693372,0.693312,0.693371
1.01541,0.694154,0.694165,0.694166,0.694167,0.69429,0.694163
1.01682,0.694957,0.69496,0.694961,0.694962,0.695268,0.694955
1.01823,0.69576,0.695756,0.695756,0.695756,0.696247,0.695747
1.01965,0.696563,0.696551,0.696551,0.696551,0.697225,0.696539
1.02106,0.697366,0.697346,0.697346,0.697346,0.698203,0.697331
1.02248,0.698169,0.698141,0.698141,0.698141,0.699181,0.698123
1.02389,0.698973,0.698936,0.698935,0.698936,0.700159,0.698915
1.0253,0.699776,0.699732,0.69973,0.69973,0.701138,0.699708
1.02672,0.700998,0.700964,0.700963,0.700963,0.702116,0.700945
1.02813,0.70222,0.702197,0.702196,0.702196,0.703094,0.702183
1.02955,0.703442,0.703429,0.703429,0.703429,0.704072,0.703421
1.03096,0.704664,0.704662,0.704662,0.704661,0.70505,0.704659
1.03238,0.705886,0.705894,0.705894,0.705894,0.706029,0.705897
1.03379,0.707108,0.707127,0.707127,0.707127,0.707007,0.707135
1.0352,0.70833,0.708359,0.70836,0.70836,0.707985,0.708372
1.03662,0.709552,0.709591,0.709593,0.709593,0.708963,0.70961
1.03803,0.710774,0.710824,0.710826,0.710825,0.709941,0.710848
1.03945,0.711996,0.712056,0.712058,0.712058,0.71092,0.712086
1.04086,0.713218,0.713289,0.713291,0.713291,0.711898,0.713324
1.04228,0.71444,0.714521,0.714524,0.714524,0.712876,0.714562
1.04369,0.71537,0.715451,0.715453,0.715453,0.713854,0.715489
1.0451,0.716008,0.716077,0.716079,0.716079,0.714832,0.716105
1.04652,0.716646,0.716702,0.716705,0.716705,0.715811,0.716721
1.04793,0.717284,0.717328,0.717331,0.717332,0.716789,0.717338
1.04935,0.717921,0.717954,0.717957,0.717958,0.717767,0.717954
1.05076,0.718559,0.71858,0.718583,0.718584,0.718745,0.718571
1.05217,0.719197,0.719206,0.719208,0.71921,0.719723,0.719187
1.05359,0.719834,0.719832,0.719834,0.719836,0.720702,0.719803
1.055,0.720472,0.720458,0.72046,0.720462,0.72168,0.72042
1.05642,0.72111,0.721084,0.721086,0.721088,0.722658,0.721036
1.05783,0.721748,0.721709,0.721712,0.721714,0.723636,0.721653
1.05925,0.722385,0.722335,0.722338,0.722341,0.724615,0.722269
1.06066,0.723023,0.722961,0.722963,0.722967,0.725593,0.722885
1.06207,0.724474,0.724427,0.724428,0.724431,0.726571,0.724368
1.06349,0.725925,0.725892,0.725893,0.725895,0.727549,0.725851
1.0649,0.727376,0.727357,0.727358,0.727359,0.728527,0.727333
1.06632,0.728827,0.728823,0.728823,0.728824,0.729506,0.728816
1.06773,0.730278,0.730288,0.730288,0.730288,0.730484,0.730299
1.06915,0.731729,0.731754,0.731753,0.731752,0.731462,0.731781
1.07056,0.733181,0.733219,0.733218,0.733216,0.73244,0.733264
1.07197,0.734632,0.734685,0.734683,0.734681,0.733418,0.734747
1.07339,0.736083,0.73615,0.736148,0.736145,0.734397,0.736229
1.0748,0.737534,0.737615,0.737613,0.737609,0.735375,0.737712
1.07622,0.738985,0.739081,0.739078,0.739073,0.736353,0.739194
1.07763,0.740436,0.740546,0.740543,0.740538,0.737331,0.740677
1.07904,0.741322,0.741433,0.74143,0.741425,0.738309,0.741556
1.08046,0.741643,0.74174,0.741739,0.741736,0.739288,0.741832
1.08187,0.741963,0.742047,0.742048,0.742046,0.740266,0.742107
1.08329,0.742284,0.742354,0.742357,0.742357,0.741244,0.742382
1.0847,0.742605,0.742662,0.742666,0.742667,0.742222,0.742658
1.08612,0.742926,0.742969,0.742975,0.742978,0.743201,0.742933
1.08753,0.743247,0.743276,0.743284,0.743288,0.744179,0.743208
1.08894,0.743568,0.743583,0.743593,0.743599,0.745157,0.743484
1.09036,0.743889,0.74389,0.743902,0.74391,0.746135,0.743759
1.09177,0.74421,0.744198,0.744211,0.74422,0.747113,0.744035
1.09319,0.744531,0.744505,0.74452,0.744531,0.748092,0.74431
1.0946,0.744852,0.744812,0.744829,0.744841,0.74907,0.744585
1.09602,0.745173,0.745119,0.745138,0.745152,0.750048,0.744861
1.09743,0.747056,0.747017,0.747032,0.747043,0.751026,0.746818
1.09884,0.74894,0.748915,0.748926,0.748934,0.752004,0.748776
1.10026,0.750824,0.750813,0.750821,0.750826,0.752983,0.750733
1.10167,0.752708,0.752712,0.752715,0.752717,0.753961,0.752691
1.10309,0.754591,0.75461,0.754609,0.754608,0.754939,0.754648
1.1045,0.756475,0.756508,0.756504,0.7565,0.755917,0.756606
1.10592,0.758359,0.758406,0.758398,0.758391,0.756895,0.758563
1.10733,0.760243,0.760304,0.760292,0.760282,0.757874,0.760521
1.10874,0.762126,0.762202,0.762187,0.762174,0.758852,0.762478
1.11016,0.76401,0.7641,0.764081,0.764065,0.75983,0.764436
1.11157,0.765894,0.765998,0.765976,0.765956,0.760808,0.766394
1.11299,0.767778,0.767896,0.76787,0.767848,0.761787,0.768351
1.1144,0.768588,0.768708,0.768683,0.768663,0.762765,0.769137
1.11581,0.768325,0.768433,0.768416,0.768401,0.763743,0.768751
1.11723,0.768062,0.768158,0.768149,0.76814,0.764721,0.768365
1.11864,0.767799,0.767883,0.767881,0.767879,0.765699,0.767979
1.12006,0.767536,0.767608,0.767614,0.767617,0.766678,0.767593
1.12147,0.767273,0.767333,0.767347,0.767356,0.767656,0.767207
1.12289,0.76701,0.767058,0.767079,0.767095,0.768634,0.766821
1.1243,0.766747,0.766783,0.766812,0.766833,0.769612,0.766435
1.12571,0.766484,0.766508,0.766545,0.766572,0.77059,0.766049
1.12713,0.766221,0.766233,0.766277,0.766311,0.771568,0.765663
1.12854,0.765957,0.765958,0.76601,0.766049,0.772547,0.765277
1.12996,0.765694,0.765683,0.765743,0.765788,0.773525,0.764891
1.13137,0.765431,0.765408,0.765475,0.765527,0.774503,0.764506
1.13279,0.768096,0.768081,0.768134,0.768174,0.775481,0.767384
1.1342,0.770761,0.770754,0.770793,0.770822,0.776459,0.770263
1.13561,0.773427,0.773426,0.773451,0.77347,0.777438,0.773142
1.13703,0.776092,0.776099,0.77611,0.776118,0.778416,0.776021
1.13844,0.778757,0.778772,0.778769,0.778766,0.779394,0.778899
1.13986,0.781422,0.781445,0.781427,0.781414,0.780372,0.781778
1.14127,0.784087,0.784117,0.784086,0.784062,0.78135,0.784657
1.14268,0.786752,0.78679,0.786745,0.78671,0.782329,0.787536
1.1441,0.789417,0.789463,0.789403,0.789358,0.783307,0.790415
1.14551,0.792082,0.792136,0.792062,0.792005,0.784285,0.793293
1.14693,0.794747,0.794808,0.794721,0.794653,0.785263,0.796172
1.14834,0.797413,0.797481,0.797379,0.797301,0.786241,0.799051
1.14976,0.798096,0.798172,0.798076,0.798003,0.78722,0.799655
1.15117,0.796798,0.796882,0.796811,0.796757,0.788198,0.797985
1.15258,0.7955,0.795591,0.795546,0.795512,0.789176,0.796315
1.154,0.794202,0.794301,0.794281,0.794267,0.790154,0.794644
1.15541,0.792904,0.79301,0.793015,0.793022,0.791132,0.792974
1.15683,0.791606,0.79172,0.79175,0.791777,0.79211,0.791304
1.15824,0.790308,0.790429,0.790485,0.790531,0.793089,0.789633
1.15966,0.78901,0.789139,0.78922,0.789286,0.794067,0.787963
1.16107,0.787712,0.787848,0.787955,0.788041,0.795045,0.786293
1.16248,0.786414,0.786558,0.786689,0.786796,0.796023,0.784623
1.1639,0.785116,0.785267,0.785424,0.785551,0.797001,0.782952
1.16531,0.783818,0.783977,0.784159,0.784306,0.79798,0.781282
1.16673,0.78252,0.782687,0.782894,0.78306,0.798958,0.779612
1.16814,0.78653,0.786665,0.786828,0.786961,0.799936,0.784282
1.16955,0.790541,0.790644,0.790764,0.790862,0.800914,0.788952
1.17097,0.794551,0.794622,0.794698,0.794763,0.801892,0.793623
1.17238,0.798561,0.798601,0.798633,0.798664,0.80287,0.798293
1.1738,0.802571,0.802579,0.802568,0.802565,0.803849,0.802963
1.17521,0.806582,0.806558,0.806503,0.806466,0.804827,0.807633
1.17663,0.810592,0.810537,0.810438,0.810367,0.805805,0.812303
1.17804,0.814602,0.814515,0.814373,0.814268,0.806783,0.816974
1.17945,0.818612,0.818494,0.818307,0.818169,0.807761,0.821644
1.18087,0.822623,0.822472,0.822242,0.82207,0.808739,0.826314
1.18228,0.826633,0.826451,0.826177,0.825972,0.809718,0.830984
1.1837,0.830643,0.83043,0.830112,0.829873,0.810696,0.835655
1.18511,0.831148,0.830955,0.830652,0.830425,0.811674,0.835905
1.18653,0.828148,0.828028,0.827797,0.827629,0.812652,0.831737
1.18794,0.825147,0.825101,0.824943,0.824833,0.81363,0.827569
1.18935,0.822146,0.822174,0.822088,0.822037,0.814608,0.8234
1.19077,0.819146,0.819246,0.819233,0.819241,0.815586,0.819232
1.19218,0.816145,0.816319,0.816378,0.816446,0.816565,0.815063
1.1936,0.813145,0.813392,0.813524,0.81365,0.817543,0.810895
1.19501,0.810144,0.810465,0.810669,0.810854,0.818521,0.806726
1.19642,0.807144,0.807538,0.807814,0.808058,0.819499,0.802558
1.19784,0.804143,0.80461,0.804959,0.805262,0.820477,0.798389
1.19925,0.801143,0.801683,0.802105,0.802466,0.821455,0.794221
1.20067,0.798142,0.798756,0.79925,0.79967,0.822433,0.790053
1.20208,0.795142,0.795829,0.796395,0.796874,0.823412,0.785884
1.2035,0.801227,0.801792,0.802242,0.80263,0.82439,0.79403
1.20491,0.807313,0.807756,0.808089,0.808385,0.825368,0.802176
1.20632,0.813398,0.81372,0.813936,0.81414,0.826346,0.810322
1.20774,0.819484,0.819683,0.819783,0.819896,0.827324,0.818468
1.20915,0.825569,0.825647,0.82563,0.825651,0.828302,0.826614
1.21057,0.831655,0.831611,0.831477,0.831407,0.82928,0.83476
1.21198,0.83774,0.837574,0.837324,0.837162,0.830258,0.842906
1.2134,0.843826,0.843538,0.843171,0.842917,0.831237,0.851052
1.21481,0.849912,0.849502,0.849018,0.848673,0.832215,0.859198
1.21622,0.855997,0.855466,0.854865,0.854428,0.833193,0.867344
1.21764,0.862083,0.861429,0.860712,0.860184,0.834171,0.87549
1.21905,0.868168,0.867393,0.866559,0.865939,0.835149,0.883636
1.22047,0.868493,0.867751,0.866947,0.866355,0.836127,0.883217
1.22188,0.863056,0.862504,0.861876,0.86143,0.837105,0.874234
1.22329,0.85762,0.857257,0.856805,0.856505,0.838083,0.86525
1.22471,0.852184,0.852011,0.851734,0.851581,0.839062,0.856267
1.22612,0.846748,0.846764,0.846663,0.846656,0.84004,0.847284
1.22754,0.841311,0.841517,0.841592,0.841732,0.841018,0.8383
1.22895,0.835875,0.83627,0.836521,0.836807,0.841996,0.829316
1.23037,0.830439,0.831023,0.83145,0.831883,0.842974,0.820333
1.23178,0.825002,0.825776,0.82638,0.826958,0.843952,0.81135
1.23319,0.819566,0.820529,0.821309,0.822034,0.84493,0.802366
1.23461,0.81413,0.815282,0.816238,0.817109,0.845908,0.793382
1.23602,0.808693,0.810035,0.811167,0.812185,0.846886,0.784399
1.23744,0.803257,0.804789,0.806096,0.80726,0.847864,0.775416
1.23885,0.81211,0.813351,0.814399,0.815359,0.848843,0.790198
1.24027,0.820964,0.821914,0.822703,0.823458,0.849821,0.80498
1.24168,0.829818,0.830477,0.831006,0.831557,0.850799,0.819763
1.24309,0.838671,0.83904,0.83931,0.839655,0.851777,0.834546
1.24451,0.847524,0.847603,0.847613,0.847754,0.852755,0.849328
1.24592,0.856378,0.856165,0.855916,0.855853,0.853733,0.86411
1.24734,0.865232,0.864729,0.86422,0.863952,0.854711,0.878893
1.24875,0.874085,0.873291,0.872523,0.872051,0.855689,0.893676
1.25016,0.882939,0.881854,0.880826,0.880149,0.856667,0.908458
1.25158,0.891792,0.890417,0.88913,0.888248,0.857645,0.92324
1.25299,0.900645,0.89898,0.897433,0.896347,0.858623,0.938022
1.25441,0.909499,0.907543,0.905737,0.904446,0.859601,0.952806
1.25582,0.909698,0.907789,0.906026,0.904781,0.86058,0.951139
1.25724,0.901244,0.89972,0.898302,0.897352,0.861558,0.933025
1.25865,0.892789,0.89165,0.890578,0.889924,0.862536,0.914911
1.26006,0.884335,0.883581,0.882854,0.882495,0.863514,0.896797
1.26148,0.87588,0.875511,0.875129,0.875066,0.864492,0.878681
1.26289,0.867425,0.867441,0.867405,0.867638,0.86547,0.860567
1.26431,0.858971,0.859372,0.859681,0.860209,0.866448,0.842453
1.26572,0.850516,0.851303,0.851957,0.85278,0.867426,0.824339
1.26714,0.842061,0.843233,0.844233,0.845351,0.868404,0.806224
1.26855,0.833607,0.835163,0.836509,0.837923,0.869382,0.788109
1.26996,0.825152,0.827094,0.828785,0.830494,0.87036,0.769995
1.27138,0.816698,0.819024,0.821061,0.823066,0.871338,0.751881
1.27279,0.808243,0.810955,0.813336,0.815637,0.872316,0.733767
1.27421,0.820334,0.822486,0.824381,0.8263,0.873294,0.761203
1.27562,0.832425,0.834017,0.835426,0.836963,0.874273,0.788639
1.27703,0.844516,0.845548,0.846471,0.847627,0.875251,0.816075
1.27845,0.856607,0.857079,0.857515,0.85829,0.876229,0.843511
1.27986,0.868698,0.86861,0.86856,0.868953,0.877207,0.870947
1.28128,0.880789,0.880142,0.879605,0.879616,0.878185,0.898385
1.28269,0.89288,0.891673,0.89065,0.890279,0.879163,0.92582
1.28411,0.904971,0.903204,0.901695,0.900942,0.880141,0.953256
1.28552,0.917062,0.914735,0.912739,0.911605,0.881119,0.980692
1.28693,0.929153,0.926267,0.923785,0.922269,0.882097,1.00813
1.28835,0.941244,0.937798,0.934829,0.932932,0.883075,1.03557
1.28976,0.953335,0.949329,0.945874,0.943595,0.884053,1.063
1.29118,0.953526,0.949555,0.946126,0.943887,0.885032,1.05872
1.29259,0.941818,0.938475,0.935584,0.933809,0.88601,1.02272
1.29401,0.930109,0.927396,0.925041,0.923729,0.886989,0.986714
1.29542,0.918401,0.916316,0.914499,0.91365,0.887967,0.950713
1.29683,0.906692,0.905237,0.903958,0.903571,0.888946,0.914712
1.29825,0.894984,0.894158,0.893416,0.893493,0.889924,0.87871
1.29966,0.883275,0.883078,0.882873,0.883413,0.890903,0.842707
1.30108,0.871567,0.871999,0.872332,0.873334,0.891881,0.806705
1.30249,0.859858,0.860919,0.86179,0.863255,0.892859,0.770704
1.3039,0.84815,0.84984,0.851248,0.853176,0.893838,0.734702
1.30532,0.836442,0.838761,0.840706,0.843098,0.894816,0.698701
1.30673,0.824733,0.827681,0.830164,0.833018,0.895795,0.662698
1.30815,0.813025,0.816602,0.819622,0.822939,0.896773,0.626697
1.30956,0.828095,0.831059,0.833281,0.835943,0.897754,0.680104
1.31098,0.843166,0.845515,0.846939,0.848947,0.898735,0.73351
1.31239,0.858236,0.859972,0.860598,0.861951,0.899716,0.786916
1.3138,0.873308,0.874429,0.874257,0.874955,0.900697,0.840326
1.31522,0.888378,0.888886,0.887916,0.887959,0.901678,0.893732
1.31663,0.903449,0.903343,0.901574,0.900963,0.902659,0.947138
1.31805,0.918519,0.917799,0.915233,0.913967,0.903639,1.00054
1.31946,0.933591,0.932257,0.928892,0.926971,0.90462,1.05395
1.32088,0.948661,0.946713,0.942551,0.939975,0.905601,1.10736
1.32229,0.963732,0.96117,0.956209,0.952979,0.906582,1.16077
1.3237,0.978802,0.975627,0.969868,0.965983,0.907563,1.21417
1.32512,0.993873,0.990083,0.983527,0.978987,0.908544,1.26758
1.32653,0.994447,0.990633,0.984027,0.979424,0.909532,1.25715
1.32795,0.980524,0.977275,0.971368,0.967295,0.910528,1.1829
1.32936,0.9666,0.963917,0.958709,0.955166,0.911524,1.10865
1.33077,0.952677,0.950559,0.946051,0.943037,0.912519,1.03439
1.33219,0.938754,0.9372,0.933392,0.930908,0.913515,0.960139
1.3336,0.92483,0.923842,0.920733,0.918779,0.914511,0.88588
1.33502,0.910907,0.910484,0.908074,0.90665,0.915507,0.811626
1.33643,0.896984,0.897126,0.895416,0.894521,0.916502,0.737372
1.33785,0.883061,0.883767,0.882757,0.882392,0.917498,0.663118
1.33926,0.869137,0.870409,0.870098,0.870262,0.918494,0.588859
1.34067,0.855214,0.857051,0.857439,0.858133,0.919489,0.514605
1.34209,0.841291,0.843693,0.844781,0.846004,0.920485,0.440351
1.3435,0.827367,0.830334,0.832122,0.833875,0.921481,0.366097
1.34492,0.841424,0.844169,0.845062,0.846044,0.922556,0.47442
1.34633,0.855482,0.858005,0.858003,0.858214,0.923632,0.582752
1.34775,0.869539,0.871841,0.870944,0.870384,0.924707,0.691077
1.34916,0.883596,0.885676,0.883884,0.882553,0.925783,0.799402
1.35057,0.897653,0.899511,0.896824,0.894722,0.926858,0.907728
1.35199,0.91171,0.913346,0.909764,0.906891,0.927934,1.01605
1.3534,0.925768,0.927182,0.922706,0.919062,0.929009,1.12438
1.35482,0.939825,0.941017,0.935646,0.931231,0.930085,1.23271
1.35623,0.953882,0.954853,0.948586,0.9434,0.93116,1.34103
1.35765,0.967939,0.968688,0.961526,0.955569,0.932235,1.44936
1.35906,0.981997,0.982524,0.974467,0.967739,0.933311,1.55769
1.36047,0.996054,0.996359,0.987408,0.979909,0.934386,1.66602
1.36189,0.992094,0.993032,0.984605,0.977473,0.935587,1.64731
1.3633,0.970118,0.972543,0.96606,0.960434,0.936913,1.50158
1.36472,0.948141,0.952054,0.947515,0.943394,0.938239,1.35584
1.36613,0.926163,0.931564,0.928969,0.926353,0.939565,1.2101
1.36754,0.904187,0.911076,0.910424,0.909313,0.940891,1.06437
1.36896,0.88221,0.890587,0.891879,0.892274,0.942217,0.918635
1.37037,0.860234,0.870098,0.873334,0.875234,0.943543,0.772901
1.37179,0.838256,0.849608,0.854788,0.858193,0.944869,0.627159
1.3732,0.816279,0.829119,0.836243,0.841154,0.946195,0.481426
1.37462,0.794303,0.80863,0.817698,0.824114,0.94752,0.335692
1.37603,0.772326,0.788142,0.799153,0.807074,0.948846,0.189959
1.37744,0.750349,0.767653,0.780608,0.790035,0.950172,0.044225
1.37886,0.728372,0.747163,0.762062,0.772994,0.951498,-0.101509
1.38027,0.719806,0.73854,0.753312,0.764197,0.950423,0.0795976
1.38169,0.711241,0.729916,0.744563,0.7554,0.949348,0.260705
1.3831,0.702675,0.721293,0.735813,0.746603,0.948273,0.441812
1.38452,0.694109,0.712669,0.727064,0.737806,0.947198,0.622919
1.38593,0.685543,0.704045,0.718314,0.729009,0.946123,0.804036
1.38734,0.676978,0.695422,0.709564,0.720212,0.945048,0.985143
1.38876,0.668412,0.686798,0.700815,0.711415,0.943973,1.16625
1.39017,0.659846,0.678175,0.692065,0.702618,0.942898,1.34736
1.39159,0.65128,0.669551,0.683315,0.693821,0.941823,1.52848
1.393,0.642715,0.660928,0.674565,0.685024,0.940748,1.70958
1.39441,0.634149,0.652304,0.665816,0.676227,0.939673,1.89069
1.39583,0.625583,0.643681,0.657066,0.66743,0.938598,2.0718
1.39724,0.59645,0.613795,0.626585,0.636512,0.90054,2.07586
1.39866,0.546743,0.562643,0.574367,0.583467,0.825492,1.90287
1.40007,0.49704,0.511495,0.522152,0.530425,0.750448,1.72988
1.40149,0.447337,0.460346,0.469938,0.477383,0.675404,1.55689
1.4029,0.397633,0.409197,0.417723,0.424341,0.60036,1.38391
1.40431,0.34793,0.358048,0.365509,0.371299,0.525316,1.21092
1.40573,0.298223,0.306896,0.313291,0.318254,0.450268,1.03793
1.40714,0.24852,0.255747,0.261076,0.265212,0.375224,0.86494
1.40856,0.198817,0.204598,0.208862,0.212171,0.30018,0.691954
1.40997,0.149113,0.15345,0.156647,0.159129,0.225136,0.518968
1.41139,0.0994068,0.102298,0.104429,0.106084,0.150088,0.345972
1.4128,0.0497034,0.0511489,0.0522146,0.0530418,0.0750439,0.172986
1.41421,0,0,0,0,0,0
