"u","vtkValidPointMask","arc_length","Points:0","Points:1","Points:2"
0,1,0,0,0,0
-0.0003517,1,0.0014142,0.001,0.001,0
-0.00070339,1,0.0028284,0.002,0.002,0
-0.0010551,1,0.0042426,0.003,0.003,0
-0.0014068,1,0.0056569,0.004,0.004,0
-0.0017585,1,0.0070711,0.005,0.005,0
-0.0021102,1,0.0084853,0.006,0.006,0
-0.0024619,1,0.0098995,0.007,0.007,0
-0.0028136,1,0.011314,0.008,0.008,0
-0.0031653,1,0.012728,0.009,0.009,0
-0.003517,1,0.014142,0.01,0.01,0
-0.0036153,1,0.015556,0.011,0.011,0
-0.0037136,1,0.016971,0.012,0.012,0
-0.003812,1,0.018385,0.013,0.013,0
-0.0039103,1,0.019799,0.014,0.014,0
-0.0040086,1,0.021213,0.015,0.015,0
-0.004107,1,0.022627,0.016,0.016,0
-0.0042053,1,0.024042,0.017,0.017,0
-0.0043037,1,0.025456,0.018,0.018,0
-0.004402,1,0.02687,0.019,0.019,0
-0.0045003,1,0.028284,0.02,0.02,0
-0.003992,1,0.029698,0.021,0.021,0
-0.0034838,1,0.031113,0.022,0.022,0
-0.0029755,1,0.032527,0.023,0.023,0
-0.0024672,1,0.033941,0.024,0.024,0
-0.0019589,1,0.035355,0.025,0.025,0
-0.0014506,1,0.03677,0.026,0.026,0
-0.0009423,1,0.038184,0.027,0.027,0
-0.00043401,1,0.039598,0.028,0.028,0
7.4277e-05,1,0.041012,0.029,0.029,0
0.00058257,1,0.042426,0.03,0.03,0
0.00096911,1,0.043841,0.031,0.031,0
0.0013556,1,0.045255,0.032,0.032,0
0.0017422,1,0.046669,0.033,0.033,0
0.0021287,1,0.048083,0.034,0.034,0
0.0025153,1,0.049497,0.035,0.035,0
0.0029018,1,0.050912,0.036,0.036,0
0.0032883,1,0.052326,0.037,0.037,0
0.0036749,1,0.05374,0.038,0.038,0
0.0040614,1,0.055154,0.039,0.039,0
0.004448,1,0.056569,0.04,0.04,0
0.0031568,1,0.057983,0.041,0.041,0
0.0018657,1,0.059397,0.042,0.042,0
0.00057452,1,0.060811,0.043,0.043,0
-0.00071662,1,0.062225,0.044,0.044,0
-0.0020078,1,0.06364,0.045,0.045,0
-0.0032989,1,0.065054,0.046,0.046,0
-0.00459,1,0.066468,0.047,0.047,0
-0.0058812,1,0.067882,0.048,0.048,0
-0.0071723,1,0.069296,0.049,0.049,0
-0.0084635,1,0.070711,0.05,0.05,0
-0.0081986,1,0.072125,0.051,0.051,0
-0.0079336,1,0.073539,0.052,0.052,0
-0.0076687,1,0.074953,0.053,0.053,0
-0.0074038,1,0.076368,0.054,0.054,0
-0.0071388,1,0.077782,0.055,0.055,0
-0.0068739,1,0.079196,0.056,0.056,0
-0.006609,1,0.08061,0.057,0.057,0
-0.006344,1,0.082024,0.058,0.058,0
-0.0060791,1,0.083439,0.059,0.059,0
-0.0058142,1,0.084853,0.06,0.06,0
-0.004025,1,0.086267,0.061,0.061,0
-0.0022358,1,0.087681,0.062,0.062,0
-0.00044666,1,0.089095,0.063,0.063,0
0.0013425,1,0.09051,0.064,0.064,0
0.0031317,1,0.091924,0.065,0.065,0
0.0049209,1,0.093338,0.066,0.066,0
0.00671,1,0.094752,0.067,0.067,0
0.0084992,1,0.096167,0.068,0.068,0
0.010288,1,0.097581,0.069,0.069,0
0.012078,1,0.098995,0.07,0.07,0
0.011123,1,0.10041,0.071,0.071,0
0.010168,1,0.10182,0.072,0.072,0
0.0092137,1,0.10324,0.073,0.073,0
0.008259,1,0.10465,0.074,0.074,0
0.0073044,1,0.10607,0.075,0.075,0
0.0063498,1,0.10748,0.076,0.076,0
0.0053952,1,0.10889,0.077,0.077,0
0.0044405,1,0.11031,0.078,0.078,0
0.0034859,1,0.11172,0.079,0.079,0
0.0025313,1,0.11314,0.08,0.08,0
0.002031,1,0.11455,0.081,0.081,0
0.0015308,1,0.11597,0.082,0.082,0
0.0010305,1,0.11738,0.083,0.083,0
0.00053027,1,0.11879,0.084,0.084,0
3.0018e-05,1,0.12021,0.085,0.085,0
-0.00047024,1,0.12162,0.086,0.086,0
-0.00097049,1,0.12304,0.087,0.087,0
-0.0014707,1,0.12445,0.088,0.088,0
-0.001971,1,0.12587,0.089,0.089,0
-0.0024713,1,0.12728,0.09,0.09,0
-0.0011623,1,0.12869,0.091,0.091,0
0.00014667,1,0.13011,0.092,0.092,0
0.0014556,1,0.13152,0.093,0.093,0
0.0027646,1,0.13294,0.094,0.094,0
0.0040735,1,0.13435,0.095,0.095,0
0.0053825,1,0.13576,0.096,0.096,0
0.0066915,1,0.13718,0.097,0.097,0
0.0080004,1,0.13859,0.098,0.098,0
0.0093094,1,0.14001,0.099,0.099,0
0.010618,1,0.14142,0.1,0.1,0
0.010271,1,0.14284,0.101,0.101,0
0.0099244,1,0.14425,0.102,0.102,0
0.0095774,1,0.14566,0.103,0.103,0
0.0092304,1,0.14708,0.104,0.104,0
0.0088834,1,0.14849,0.105,0.105,0
0.0085364,1,0.14991,0.106,0.106,0
0.0081894,1,0.15132,0.107,0.107,0
0.0078424,1,0.15274,0.108,0.108,0
0.0074954,1,0.15415,0.109,0.109,0
0.0071484,1,0.15556,0.11,0.11,0
0.0062919,1,0.15698,0.111,0.111,0
0.0054353,1,0.15839,0.112,0.112,0
0.0045788,1,0.15981,0.113,0.113,0
0.0037222,1,0.16122,0.114,0.114,0
0.0028657,1,0.16263,0.115,0.115,0
0.0020091,1,0.16405,0.116,0.116,0
0.0011526,1,0.16546,0.117,0.117,0
0.00029603,1,0.16688,0.118,0.118,0
-0.00056052,1,0.16829,0.119,0.119,0
-0.0014171,1,0.16971,0.12,0.12,0
-0.0017665,1,0.17112,0.121,0.121,0
-0.0021159,1,0.17253,0.122,0.122,0
-0.0024653,1,0.17395,0.123,0.123,0
-0.0028147,1,0.17536,0.124,0.124,0
-0.0031641,1,0.17678,0.125,0.125,0
-0.0035135,1,0.17819,0.126,0.126,0
-0.0038629,1,0.17961,0.127,0.127,0
-0.0042123,1,0.18102,0.128,0.128,0
-0.0045616,1,0.18243,0.129,0.129,0
-0.004911,1,0.18385,0.13,0.13,0
-0.005819,1,0.18526,0.131,0.131,0
-0.006727,1,0.18668,0.132,0.132,0
-0.0076349,1,0.18809,0.133,0.133,0
-0.0085429,1,0.1895,0.134,0.134,0
-0.0094508,1,0.19092,0.135,0.135,0
-0.010359,1,0.19233,0.136,0.136,0
-0.011267,1,0.19375,0.137,0.137,0
-0.012175,1,0.19516,0.138,0.138,0
-0.013083,1,0.19658,0.139,0.139,0
-0.013991,1,0.19799,0.14,0.14,0
-0.012572,1,0.1994,0.141,0.141,0
-0.011154,1,0.20082,0.142,0.142,0
-0.0097361,1,0.20223,0.143,0.143,0
-0.008318,1,0.20365,0.144,0.144,0
-0.0068998,1,0.20506,0.145,0.145,0
-0.0054817,1,0.20648,0.146,0.146,0
-0.0040635,1,0.20789,0.147,0.147,0
-0.0026454,1,0.2093,0.148,0.148,0
-0.0012272,1,0.21072,0.149,0.149,0
0.00019096,1,0.21213,0.15,0.15,0
0.00072215,1,0.21355,0.151,0.151,0
0.0012534,1,0.21496,0.152,0.152,0
0.0017846,1,0.21637,0.153,0.153,0
0.0023158,1,0.21779,0.154,0.154,0
0.002847,1,0.2192,0.155,0.155,0
0.0033782,1,0.22062,0.156,0.156,0
0.0039094,1,0.22203,0.157,0.157,0
0.0044406,1,0.22345,0.158,0.158,0
0.0049718,1,0.22486,0.159,0.159,0
0.005503,1,0.22627,0.16,0.16,0
0.0037085,1,0.22769,0.161,0.161,0
0.0019139,1,0.2291,0.162,0.162,0
0.00011936,1,0.23052,0.163,0.163,0
-0.0016752,1,0.23193,0.164,0.164,0
-0.0034697,1,0.23335,0.165,0.165,0
-0.0052643,1,0.23476,0.166,0.166,0
-0.0070588,1,0.23617,0.167,0.167,0
-0.0088534,1,0.23759,0.168,0.168,0
-0.010648,1,0.239,0.169,0.169,0
-0.012442,1,0.24042,0.17,0.17,0
-0.01003,1,0.24183,0.171,0.171,0
-0.0076182,1,0.24324,0.172,0.172,0
-0.0052061,1,0.24466,0.173,0.173,0
-0.002794,1,0.24607,0.174,0.174,0
-0.0003819,1,0.24749,0.175,0.175,0
0.0020302,1,0.2489,0.176,0.176,0
0.0044423,1,0.25032,0.177,0.177,0
0.0068545,1,0.25173,0.178,0.178,0
0.0092666,1,0.25314,0.179,0.179,0
0.011679,1,0.25456,0.18,0.18,0
0.012502,1,0.25597,0.181,0.181,0
0.013325,1,0.25739,0.182,0.182,0
0.014147,1,0.2588,0.183,0.183,0
0.01497,1,0.26022,0.184,0.184,0
0.015793,1,0.26163,0.185,0.185,0
0.016616,1,0.26304,0.186,0.186,0
0.017439,1,0.26446,0.187,0.187,0
0.018262,1,0.26587,0.188,0.188,0
0.019085,1,0.26729,0.189,0.189,0
0.019908,1,0.2687,0.19,0.19,0
0.01801,1,0.27011,0.191,0.191,0
0.016112,1,0.27153,0.192,0.192,0
0.014214,1,0.27294,0.193,0.193,0
0.012316,1,0.27436,0.194,0.194,0
0.010418,1,0.27577,0.195,0.195,0
0.0085206,1,0.27719,0.196,0.196,0
0.0066227,1,0.2786,0.197,0.197,0
0.0047248,1,0.28001,0.198,0.198,0
0.0028269,1,0.28143,0.199,0.199,0
0.00092903,1,0.28284,0.2,0.2,0
0.0022639,1,0.28426,0.201,0.201,0
0.0035987,1,0.28567,0.202,0.202,0
0.0049336,1,0.28709,0.203,0.203,0
0.0062684,1,0.2885,0.204,0.204,0
0.0076033,1,0.28991,0.205,0.205,0
0.0089381,1,0.29133,0.206,0.206,0
0.010273,1,0.29274,0.207,0.207,0
0.011608,1,0.29416,0.208,0.208,0
0.012943,1,0.29557,0.209,0.209,0
0.014278,1,0.29698,0.21,0.21,0
0.012812,1,0.2984,0.211,0.211,0
0.011346,1,0.29981,0.212,0.212,0
0.0098804,1,0.30123,0.213,0.213,0
0.0084147,1,0.30264,0.214,0.214,0
0.006949,1,0.30406,0.215,0.215,0
0.0054833,1,0.30547,0.216,0.216,0
0.0040177,1,0.30688,0.217,0.217,0
0.002552,1,0.3083,0.218,0.218,0
0.0010863,1,0.30971,0.219,0.219,0
-0.00037944,1,0.31113,0.22,0.22,0
-0.0021844,1,0.31254,0.221,0.221,0
-0.0039894,1,0.31396,0.222,0.222,0
-0.0057943,1,0.31537,0.223,0.223,0
-0.0075993,1,0.31678,0.224,0.224,0
-0.0094043,1,0.3182,0.225,0.225,0
-0.011209,1,0.31961,0.226,0.226,0
-0.013014,1,0.32103,0.227,0.227,0
-0.014819,1,0.32244,0.228,0.228,0
-0.016624,1,0.32385,0.229,0.229,0
-0.018429,1,0.32527,0.23,0.23,0
-0.015528,1,0.32668,0.231,0.231,0
-0.012628,1,0.3281,0.232,0.232,0
-0.0097267,1,0.32951,0.233,0.233,0
-0.0068259,1,0.33093,0.234,0.234,0
-0.0039251,1,0.33234,0.235,0.235,0
-0.0010243,1,0.33375,0.236,0.236,0
0.0018765,1,0.33517,0.237,0.237,0
0.0047773,1,0.33658,0.238,0.238,0
0.0076781,1,0.338,0.239,0.239,0
0.010579,1,0.33941,0.24,0.24,0
0.010939,1,0.34083,0.241,0.241,0
0.011299,1,0.34224,0.242,0.242,0
0.011659,1,0.34365,0.243,0.243,0
0.01202,1,0.34507,0.244,0.244,0
0.01238,1,0.34648,0.245,0.245,0
0.01274,1,0.3479,0.246,0.246,0
0.0131,1,0.34931,0.247,0.247,0
0.01346,1,0.35072,0.248,0.248,0
0.01382,1,0.35214,0.249,0.249,0
0.014181,1,0.35355,0.25,0.25,0
0.012,1,0.35497,0.251,0.251,0
0.0098185,1,0.35638,0.252,0.252,0
0.0076375,1,0.3578,0.253,0.253,0
0.0054565,1,0.35921,0.254,0.254,0
0.0032755,1,0.36062,0.255,0.255,0
0.0010944,1,0.36204,0.256,0.256,0
-0.0010866,1,0.36345,0.257,0.257,0
-0.0032675,1,0.36487,0.258,0.258,0
-0.0054486,1,0.36628,0.259,0.259,0
-0.0076296,1,0.3677,0.26,0.26,0
-0.0060166,1,0.36911,0.261,0.261,0
-0.0044037,1,0.37052,0.262,0.262,0
-0.0027907,1,0.37194,0.263,0.263,0
-0.0011778,1,0.37335,0.264,0.264,0
0.00043519,1,0.37477,0.265,0.265,0
0.0020482,1,0.37618,0.266,0.266,0
0.0036611,1,0.3776,0.267,0.267,0
0.0052741,1,0.37901,0.268,0.268,0
0.0068871,1,0.38042,0.269,0.269,0
0.0085,1,0.38184,0.27,0.27,0
0.0053794,1,0.38325,0.271,0.271,0
0.0022586,1,0.38467,0.272,0.272,0
-0.00086201,1,0.38608,0.273,0.273,0
-0.0039826,1,0.38749,0.274,0.274,0
-0.0071034,1,0.38891,0.275,0.275,0
-0.010224,1,0.39032,0.276,0.276,0
-0.013345,1,0.39174,0.277,0.277,0
-0.016465,1,0.39315,0.278,0.278,0
-0.019586,1,0.39457,0.279,0.279,0
-0.022707,1,0.39598,0.28,0.28,0
-0.02377,1,0.39739,0.281,0.281,0
-0.024832,1,0.39881,0.282,0.282,0
-0.025895,1,0.40022,0.283,0.283,0
-0.026958,1,0.40164,0.284,0.284,0
-0.028021,1,0.40305,0.285,0.285,0
-0.029084,1,0.40447,0.286,0.286,0
-0.030147,1,0.40588,0.287,0.287,0
-0.03121,1,0.40729,0.288,0.288,0
-0.032272,1,0.40871,0.289,0.289,0
-0.033335,1,0.41012,0.29,0.29,0
-0.028538,1,0.41154,0.291,0.291,0
-0.02374,1,0.41295,0.292,0.292,0
-0.018943,1,0.41436,0.293,0.293,0
-0.014145,1,0.41578,0.294,0.294,0
-0.0093477,1,0.41719,0.295,0.295,0
-0.00455,1,0.41861,0.296,0.296,0
0.00024745,1,0.42002,0.297,0.297,0
0.0050451,1,0.42144,0.298,0.298,0
0.0098425,1,0.42285,0.299,0.299,0
0.01464,1,0.42426,0.3,0.3,0
0.013141,1,0.42568,0.301,0.301,0
0.011642,1,0.42709,0.302,0.302,0
0.010144,1,0.42851,0.303,0.303,0
0.0086448,1,0.42992,0.304,0.304,0
0.007146,1,0.43134,0.305,0.305,0
0.0056472,1,0.43275,0.306,0.306,0
0.0041484,1,0.43416,0.307,0.307,0
0.0026496,1,0.43558,0.308,0.308,0
0.0011508,1,0.43699,0.309,0.309,0
-0.00034805,1,0.43841,0.31,0.31,0
0.015707,1,0.43982,0.311,0.311,0
0.031763,1,0.44123,0.312,0.312,0
0.047818,1,0.44265,0.313,0.313,0
0.063874,1,0.44406,0.314,0.314,0
0.079929,1,0.44548,0.315,0.315,0
0.095985,1,0.44689,0.316,0.316,0
0.11204,1,0.44831,0.317,0.317,0
0.1281,1,0.44972,0.318,0.318,0
0.14415,1,0.45113,0.319,0.319,0
0.16021,1,0.45255,0.32,0.32,0
0.20637,1,0.45396,0.321,0.321,0
0.25253,1,0.45538,0.322,0.322,0
0.29869,1,0.45679,0.323,0.323,0
0.34485,1,0.45821,0.324,0.324,0
0.39101,1,0.45962,0.325,0.325,0
0.43717,1,0.46103,0.326,0.326,0
0.48333,1,0.46245,0.327,0.327,0
0.52949,1,0.46386,0.328,0.328,0
0.57565,1,0.46528,0.329,0.329,0
0.62181,1,0.46669,0.33,0.33,0
0.62732,1,0.4681,0.331,0.331,0
0.63282,1,0.46952,0.332,0.332,0
0.63833,1,0.47093,0.333,0.333,0
0.64384,1,0.47235,0.334,0.334,0
0.64934,1,0.47376,0.335,0.335,0
0.65485,1,0.47518,0.336,0.336,0
0.66036,1,0.47659,0.337,0.337,0
0.66586,1,0.478,0.338,0.338,0
0.67137,1,0.47942,0.339,0.339,0
0.67688,1,0.48083,0.34,0.34,0
0.67671,1,0.48225,0.341,0.341,0
0.67654,1,0.48366,0.342,0.342,0
0.67638,1,0.48508,0.343,0.343,0
0.67621,1,0.48649,0.344,0.344,0
0.67604,1,0.4879,0.345,0.345,0
0.67588,1,0.48932,0.346,0.346,0
0.67571,1,0.49073,0.347,0.347,0
0.67554,1,0.49215,0.348,0.348,0
0.67538,1,0.49356,0.349,0.349,0
0.67521,1,0.49497,0.35,0.35,0
0.67494,1,0.49639,0.351,0.351,0
0.67467,1,0.4978,0.352,0.352,0
0.67441,1,0.49922,0.353,0.353,0
0.67414,1,0.50063,0.354,0.354,0
0.67387,1,0.50205,0.355,0.355,0
0.67361,1,0.50346,0.356,0.356,0
0.67334,1,0.50487,0.357,0.357,0
0.67307,1,0.50629,0.358,0.358,0
0.6728,1,0.5077,0.359,0.359,0
0.67254,1,0.50912,0.36,0.36,0
0.67196,1,0.51053,0.361,0.361,0
0.67139,1,0.51195,0.362,0.362,0
0.67081,1,0.51336,0.363,0.363,0
0.67023,1,0.51477,0.364,0.364,0
0.66966,1,0.51619,0.365,0.365,0
0.66908,1,0.5176,0.366,0.366,0
0.66851,1,0.51902,0.367,0.367,0
0.66793,1,0.52043,0.368,0.368,0
0.66735,1,0.52184,0.369,0.369,0
0.66678,1,0.52326,0.37,0.37,0
0.66501,1,0.52467,0.371,0.371,0
0.66324,1,0.52609,0.372,0.372,0
0.66147,1,0.5275,0.373,0.373,0
0.6597,1,0.52892,0.374,0.374,0
0.65793,1,0.53033,0.375,0.375,0
0.65616,1,0.53174,0.376,0.376,0
0.65439,1,0.53316,0.377,0.377,0
0.65262,1,0.53457,0.378,0.378,0
0.65085,1,0.53599,0.379,0.379,0
0.64908,1,0.5374,0.38,0.38,0
0.64884,1,0.53882,0.381,0.381,0
0.64859,1,0.54023,0.382,0.382,0
0.64835,1,0.54164,0.383,0.383,0
0.6481,1,0.54306,0.384,0.384,0
0.64786,1,0.54447,0.385,0.385,0
0.64761,1,0.54589,0.386,0.386,0
0.64737,1,0.5473,0.387,0.387,0
0.64713,1,0.54871,0.388,0.388,0
0.64688,1,0.55013,0.389,0.389,0
0.64664,1,0.55154,0.39,0.39,0
0.64779,1,0.55296,0.391,0.391,0
0.64894,1,0.55437,0.392,0.392,0
0.65009,1,0.55579,0.393,0.393,0
0.65124,1,0.5572,0.394,0.394,0
0.65239,1,0.55861,0.395,0.395,0
0.65354,1,0.56003,0.396,0.396,0
0.65469,1,0.56144,0.397,0.397,0
0.65584,1,0.56286,0.398,0.398,0
0.65699,1,0.56427,0.399,0.399,0
0.65814,1,0.56569,0.4,0.4,0
0.65984,1,0.5671,0.401,0.401,0
0.66153,1,0.56851,0.402,0.402,0
0.66323,1,0.56993,0.403,0.403,0
0.66493,1,0.57134,0.404,0.404,0
0.66662,1,0.57276,0.405,0.405,0
0.66832,1,0.57417,0.406,0.406,0
0.67001,1,0.57558,0.407,0.407,0
0.67171,1,0.577,0.408,0.408,0
0.6734,1,0.57841,0.409,0.409,0
0.6751,1,0.57983,0.41,0.41,0
0.67736,1,0.58124,0.411,0.411,0
0.67962,1,0.58266,0.412,0.412,0
0.68188,1,0.58407,0.413,0.413,0
0.68414,1,0.58548,0.414,0.414,0
0.6864,1,0.5869,0.415,0.415,0
0.68866,1,0.58831,0.416,0.416,0
0.69092,1,0.58973,0.417,0.417,0
0.69318,1,0.59114,0.418,0.418,0
0.69544,1,0.59256,0.419,0.419,0
0.6977,1,0.59397,0.42,0.42,0
0.70029,1,0.59538,0.421,0.421,0
0.70287,1,0.5968,0.422,0.422,0
0.70546,1,0.59821,0.423,0.423,0
0.70805,1,0.59963,0.424,0.424,0
0.71064,1,0.60104,0.425,0.425,0
0.71323,1,0.60245,0.426,0.426,0
0.71582,1,0.60387,0.427,0.427,0
0.71841,1,0.60528,0.428,0.428,0
0.721,1,0.6067,0.429,0.429,0
0.72359,1,0.60811,0.43,0.43,0
0.72631,1,0.60953,0.431,0.431,0
0.72904,1,0.61094,0.432,0.432,0
0.73177,1,0.61235,0.433,0.433,0
0.7345,1,0.61377,0.434,0.434,0
0.73723,1,0.61518,0.435,0.435,0
0.73996,1,0.6166,0.436,0.436,0
0.74269,1,0.61801,0.437,0.437,0
0.74542,1,0.61943,0.438,0.438,0
0.74815,1,0.62084,0.439,0.439,0
0.75088,1,0.62225,0.44,0.44,0
0.75328,1,0.62367,0.441,0.441,0
0.75567,1,0.62508,0.442,0.442,0
0.75807,1,0.6265,0.443,0.443,0
0.76046,1,0.62791,0.444,0.444,0
0.76286,1,0.62933,0.445,0.445,0
0.76525,1,0.63074,0.446,0.446,0
0.76764,1,0.63215,0.447,0.447,0
0.77004,1,0.63357,0.448,0.448,0
0.77243,1,0.63498,0.449,0.449,0
0.77483,1,0.6364,0.45,0.45,0
0.77624,1,0.63781,0.451,0.451,0
0.77764,1,0.63922,0.452,0.452,0
0.77905,1,0.64064,0.453,0.453,0
0.78046,1,0.64205,0.454,0.454,0
0.78187,1,0.64347,0.455,0.455,0
0.78328,1,0.64488,0.456,0.456,0
0.78469,1,0.6463,0.457,0.457,0
0.78609,1,0.64771,0.458,0.458,0
0.7875,1,0.64912,0.459,0.459,0
0.78891,1,0.65054,0.46,0.46,0
0.78857,1,0.65195,0.461,0.461,0
0.78823,1,0.65337,0.462,0.462,0
0.78789,1,0.65478,0.463,0.463,0
0.78755,1,0.6562,0.464,0.464,0
0.78722,1,0.65761,0.465,0.465,0
0.78688,1,0.65902,0.466,0.466,0
0.78654,1,0.66044,0.467,0.467,0
0.7862,1,0.66185,0.468,0.468,0
0.78586,1,0.66327,0.469,0.469,0
0.78552,1,0.66468,0.47,0.47,0
0.7895,1,0.66609,0.471,0.471,0
0.79349,1,0.66751,0.472,0.472,0
0.79747,1,0.66892,0.473,0.473,0
0.80145,1,0.67034,0.474,0.474,0
0.80543,1,0.67175,0.475,0.475,0
0.80941,1,0.67317,0.476,0.476,0
0.81339,1,0.67458,0.477,0.477,0
0.81738,1,0.67599,0.478,0.478,0
0.82136,1,0.67741,0.479,0.479,0
0.82534,1,0.67882,0.48,0.48,0
0.83108,1,0.68024,0.481,0.481,0
0.83681,1,0.68165,0.482,0.482,0
0.84255,1,0.68307,0.483,0.483,0
0.84828,1,0.68448,0.484,0.484,0
0.85402,1,0.68589,0.485,0.485,0
0.85976,1,0.68731,0.486,0.486,0
0.86549,1,0.68872,0.487,0.487,0
0.87123,1,0.69014,0.488,0.488,0
0.87696,1,0.69155,0.489,0.489,0
0.8827,1,0.69296,0.49,0.49,0
0.88724,1,0.69438,0.491,0.491,0
0.89177,1,0.69579,0.492,0.492,0
0.89631,1,0.69721,0.493,0.493,0
0.90084,1,0.69862,0.494,0.494,0
0.90538,1,0.70004,0.495,0.495,0
0.90991,1,0.70145,0.496,0.496,0
0.91445,1,0.70286,0.497,0.497,0
0.91898,1,0.70428,0.498,0.498,0
0.92352,1,0.70569,0.499,0.499,0
0.92805,1,0.70711,0.5,0.5,0
0.92907,1,0.70852,0.501,0.501,0
0.93008,1,0.70994,0.502,0.502,0
0.9311,1,0.71135,0.503,0.503,0
0.93211,1,0.71276,0.504,0.504,0
0.93312,1,0.71418,0.505,0.505,0
0.93414,1,0.71559,0.506,0.506,0
0.93515,1,0.71701,0.507,0.507,0
0.93617,1,0.71842,0.508,0.508,0
0.93718,1,0.71983,0.509,0.509,0
0.9382,1,0.72125,0.51,0.51,0
0.93657,1,0.72266,0.511,0.511,0
0.93494,1,0.72408,0.512,0.512,0
0.9333,1,0.72549,0.513,0.513,0
0.93167,1,0.72691,0.514,0.514,0
0.93004,1,0.72832,0.515,0.515,0
0.92841,1,0.72973,0.516,0.516,0
0.92678,1,0.73115,0.517,0.517,0
0.92515,1,0.73256,0.518,0.518,0
0.92352,1,0.73398,0.519,0.519,0
0.92188,1,0.73539,0.52,0.52,0
0.91827,1,0.73681,0.521,0.521,0
0.91466,1,0.73822,0.522,0.522,0
0.91104,1,0.73963,0.523,0.523,0
0.90743,1,0.74105,0.524,0.524,0
0.90381,1,0.74246,0.525,0.525,0
0.9002,1,0.74388,0.526,0.526,0
0.89659,1,0.74529,0.527,0.527,0
0.89297,1,0.7467,0.528,0.528,0
0.88936,1,0.74812,0.529,0.529,0
0.88574,1,0.74953,0.53,0.53,0
0.88539,1,0.75095,0.531,0.531,0
0.88503,1,0.75236,0.532,0.532,0
0.88468,1,0.75378,0.533,0.533,0
0.88433,1,0.75519,0.534,0.534,0
0.88397,1,0.7566,0.535,0.535,0
0.88362,1,0.75802,0.536,0.536,0
0.88326,1,0.75943,0.537,0.537,0
0.88291,1,0.76085,0.538,0.538,0
0.88256,1,0.76226,0.539,0.539,0
0.8822,1,0.76368,0.54,0.54,0
0.88043,1,0.76509,0.541,0.541,0
0.87865,1,0.7665,0.542,0.542,0
0.87688,1,0.76792,0.543,0.543,0
0.87511,1,0.76933,0.544,0.544,0
0.87333,1,0.77075,0.545,0.545,0
0.87156,1,0.77216,0.546,0.546,0
0.86978,1,0.77357,0.547,0.547,0
0.86801,1,0.77499,0.548,0.548,0
0.86624,1,0.7764,0.549,0.549,0
0.86446,1,0.77782,0.55,0.55,0
0.85803,1,0.77923,0.551,0.551,0
0.85159,1,0.78065,0.552,0.552,0
0.84516,1,0.78206,0.553,0.553,0
0.83872,1,0.78347,0.554,0.554,0
0.83229,1,0.78489,0.555,0.555,0
0.82585,1,0.7863,0.556,0.556,0
0.81942,1,0.78772,0.557,0.557,0
0.81298,1,0.78913,0.558,0.558,0
0.80655,1,0.79055,0.559,0.559,0
0.80011,1,0.79196,0.56,0.56,0
0.79685,1,0.79337,0.561,0.561,0
0.79358,1,0.79479,0.562,0.562,0
0.79031,1,0.7962,0.563,0.563,0
0.78704,1,0.79762,0.564,0.564,0
0.78378,1,0.79903,0.565,0.565,0
0.78051,1,0.80044,0.566,0.566,0
0.77724,1,0.80186,0.567,0.567,0
0.77397,1,0.80327,0.568,0.568,0
0.77071,1,0.80469,0.569,0.569,0
0.76744,1,0.8061,0.57,0.57,0
0.76994,1,0.80752,0.571,0.571,0
0.77244,1,0.80893,0.572,0.572,0
0.77494,1,0.81034,0.573,0.573,0
0.77744,1,0.81176,0.574,0.574,0
0.77994,1,0.81317,0.575,0.575,0
0.78244,1,0.81459,0.576,0.576,0
0.78494,1,0.816,0.577,0.577,0
0.78744,1,0.81742,0.578,0.578,0
0.78994,1,0.81883,0.579,0.579,0
0.79244,1,0.82024,0.58,0.58,0
0.79037,1,0.82166,0.581,0.581,0
0.78829,1,0.82307,0.582,0.582,0
0.78622,1,0.82449,0.583,0.583,0
0.78414,1,0.8259,0.584,0.584,0
0.78207,1,0.82731,0.585,0.585,0
0.77999,1,0.82873,0.586,0.586,0
0.77792,1,0.83014,0.587,0.587,0
0.77584,1,0.83156,0.588,0.588,0
0.77377,1,0.83297,0.589,0.589,0
0.77169,1,0.83439,0.59,0.59,0
0.76774,1,0.8358,0.591,0.591,0
0.76378,1,0.83721,0.592,0.592,0
0.75983,1,0.83863,0.593,0.593,0
0.75588,1,0.84004,0.594,0.594,0
0.75192,1,0.84146,0.595,0.595,0
0.74797,1,0.84287,0.596,0.596,0
0.74402,1,0.84429,0.597,0.597,0
0.74007,1,0.8457,0.598,0.598,0
0.73611,1,0.84711,0.599,0.599,0
0.73216,1,0.84853,0.6,0.6,0
0.73217,1,0.84994,0.601,0.601,0
0.73219,1,0.85136,0.602,0.602,0
0.7322,1,0.85277,0.603,0.603,0
0.73221,1,0.85418,0.604,0.604,0
0.73223,1,0.8556,0.605,0.605,0
0.73224,1,0.85701,0.606,0.606,0
0.73225,1,0.85843,0.607,0.607,0
0.73227,1,0.85984,0.608,0.608,0
0.73228,1,0.86126,0.609,0.609,0
0.73229,1,0.86267,0.61,0.61,0
0.73377,1,0.86408,0.611,0.611,0
0.73525,1,0.8655,0.612,0.612,0
0.73672,1,0.86691,0.613,0.613,0
0.7382,1,0.86833,0.614,0.614,0
0.73968,1,0.86974,0.615,0.615,0
0.74115,1,0.87116,0.616,0.616,0
0.74263,1,0.87257,0.617,0.617,0
0.74411,1,0.87398,0.618,0.618,0
0.74558,1,0.8754,0.619,0.619,0
0.74706,1,0.87681,0.62,0.62,0
0.74394,1,0.87823,0.621,0.621,0
0.74082,1,0.87964,0.622,0.622,0
0.73769,1,0.88106,0.623,0.623,0
0.73457,1,0.88247,0.624,0.624,0
0.73145,1,0.88388,0.625,0.625,0
0.72832,1,0.8853,0.626,0.626,0
0.7252,1,0.88671,0.627,0.627,0
0.72208,1,0.88813,0.628,0.628,0
0.71895,1,0.88954,0.629,0.629,0
0.71583,1,0.89095,0.63,0.63,0
0.71334,1,0.89237,0.631,0.631,0
0.71086,1,0.89378,0.632,0.632,0
0.70837,1,0.8952,0.633,0.633,0
0.70588,1,0.89661,0.634,0.634,0
0.7034,1,0.89803,0.635,0.635,0
0.70091,1,0.89944,0.636,0.636,0
0.69843,1,0.90085,0.637,0.637,0
0.69594,1,0.90227,0.638,0.638,0
0.69345,1,0.90368,0.639,0.639,0
0.69097,1,0.9051,0.64,0.64,0
0.69227,1,0.90651,0.641,0.641,0
0.69357,1,0.90793,0.642,0.642,0
0.69488,1,0.90934,0.643,0.643,0
0.69618,1,0.91075,0.644,0.644,0
0.69748,1,0.91217,0.645,0.645,0
0.69879,1,0.91358,0.646,0.646,0
0.70009,1,0.915,0.647,0.647,0
0.70139,1,0.91641,0.648,0.648,0
0.70269,1,0.91782,0.649,0.649,0
0.704,1,0.91924,0.65,0.65,0
0.70082,1,0.92065,0.651,0.651,0
0.69764,1,0.92207,0.652,0.652,0
0.69446,1,0.92348,0.653,0.653,0
0.69129,1,0.9249,0.654,0.654,0
0.68811,1,0.92631,0.655,0.655,0
0.68493,1,0.92772,0.656,0.656,0
0.68175,1,0.92914,0.657,0.657,0
0.67858,1,0.93055,0.658,0.658,0
0.6754,1,0.93197,0.659,0.659,0
0.67222,1,0.93338,0.66,0.66,0
0.66275,1,0.9348,0.661,0.661,0
0.65328,1,0.93621,0.662,0.662,0
0.64381,1,0.93762,0.663,0.663,0
0.63434,1,0.93904,0.664,0.664,0
0.62486,1,0.94045,0.665,0.665,0
0.61539,1,0.94187,0.666,0.666,0
0.60592,1,0.94328,0.667,0.667,0
0.59645,1,0.94469,0.668,0.668,0
0.58698,1,0.94611,0.669,0.669,0
0.57751,1,0.94752,0.67,0.67,0
0.53424,1,0.94894,0.671,0.671,0
0.49096,1,0.95035,0.672,0.672,0
0.44769,1,0.95177,0.673,0.673,0
0.40442,1,0.95318,0.674,0.674,0
0.36115,1,0.95459,0.675,0.675,0
0.31787,1,0.95601,0.676,0.676,0
0.2746,1,0.95742,0.677,0.677,0
0.23133,1,0.95884,0.678,0.678,0
0.18805,1,0.96025,0.679,0.679,0
0.14478,1,0.96167,0.68,0.68,0
0.13371,1,0.96308,0.681,0.681,0
0.12263,1,0.96449,0.682,0.682,0
0.11156,1,0.96591,0.683,0.683,0
0.10048,1,0.96732,0.684,0.684,0
0.089408,1,0.96874,0.685,0.685,0
0.078333,1,0.97015,0.686,0.686,0
0.067258,1,0.97156,0.687,0.687,0
0.056182,1,0.97298,0.688,0.688,0
0.045107,1,0.97439,0.689,0.689,0
0.034032,1,0.97581,0.69,0.69,0
0.033831,1,0.97722,0.691,0.691,0
0.033629,1,0.97864,0.692,0.692,0
0.033428,1,0.98005,0.693,0.693,0
0.033226,1,0.98146,0.694,0.694,0
0.033025,1,0.98288,0.695,0.695,0
0.032823,1,0.98429,0.696,0.696,0
0.032622,1,0.98571,0.697,0.697,0
0.03242,1,0.98712,0.698,0.698,0
0.032219,1,0.98854,0.699,0.699,0
0.032018,1,0.98995,0.7,0.7,0
0.033457,1,0.99136,0.701,0.701,0
0.034896,1,0.99278,0.702,0.702,0
0.036336,1,0.99419,0.703,0.703,0
0.037775,1,0.99561,0.704,0.704,0
0.039215,1,0.99702,0.705,0.705,0
0.040654,1,0.99843,0.706,0.706,0
0.042093,1,0.99985,0.707,0.707,0
0.043533,1,1.0013,0.708,0.708,0
0.044972,1,1.0027,0.709,0.709,0
0.046411,1,1.0041,0.71,0.71,0
0.049534,1,1.0055,0.711,0.711,0
0.052657,1,1.0069,0.712,0.712,0
0.05578,1,1.0083,0.713,0.713,0
0.058902,1,1.0097,0.714,0.714,0
0.062025,1,1.0112,0.715,0.715,0
0.065148,1,1.0126,0.716,0.716,0
0.068271,1,1.014,0.717,0.717,0
0.071393,1,1.0154,0.718,0.718,0
0.074516,1,1.0168,0.719,0.719,0
0.077639,1,1.0182,0.72,0.72,0
0.081196,1,1.0196,0.721,0.721,0
0.084753,1,1.0211,0.722,0.722,0
0.088309,1,1.0225,0.723,0.723,0
0.091866,1,1.0239,0.724,0.724,0
0.095423,1,1.0253,0.725,0.725,0
0.09898,1,1.0267,0.726,0.726,0
0.10254,1,1.0281,0.727,0.727,0
0.10609,1,1.0295,0.728,0.728,0
0.10965,1,1.031,0.729,0.729,0
0.11321,1,1.0324,0.73,0.73,0
0.11441,1,1.0338,0.731,0.731,0
0.1156,1,1.0352,0.732,0.732,0
0.1168,1,1.0366,0.733,0.733,0
0.118,1,1.038,0.734,0.734,0
0.1192,1,1.0394,0.735,0.735,0
0.1204,1,1.0409,0.736,0.736,0
0.12159,1,1.0423,0.737,0.737,0
0.12279,1,1.0437,0.738,0.738,0
0.12399,1,1.0451,0.739,0.739,0
0.12519,1,1.0465,0.74,0.74,0
0.12431,1,1.0479,0.741,0.741,0
0.12344,1,1.0493,0.742,0.742,0
0.12257,1,1.0508,0.743,0.743,0
0.1217,1,1.0522,0.744,0.744,0
0.12082,1,1.0536,0.745,0.745,0
0.11995,1,1.055,0.746,0.746,0
0.11908,1,1.0564,0.747,0.747,0
0.11821,1,1.0578,0.748,0.748,0
0.11733,1,1.0592,0.749,0.749,0
0.11646,1,1.0607,0.75,0.75,0
0.11455,1,1.0621,0.751,0.751,0
0.11264,1,1.0635,0.752,0.752,0
0.11073,1,1.0649,0.753,0.753,0
0.10882,1,1.0663,0.754,0.754,0
0.10691,1,1.0677,0.755,0.755,0
0.105,1,1.0691,0.756,0.756,0
0.10309,1,1.0706,0.757,0.757,0
0.10118,1,1.072,0.758,0.758,0
0.099271,1,1.0734,0.759,0.759,0
0.097361,1,1.0748,0.76,0.76,0
0.095941,1,1.0762,0.761,0.761,0
0.09452,1,1.0776,0.762,0.762,0
0.0931,1,1.079,0.763,0.763,0
0.09168,1,1.0805,0.764,0.764,0
0.09026,1,1.0819,0.765,0.765,0
0.08884,1,1.0833,0.766,0.766,0
0.087419,1,1.0847,0.767,0.767,0
0.085999,1,1.0861,0.768,0.768,0
0.084579,1,1.0875,0.769,0.769,0
0.083159,1,1.0889,0.77,0.77,0
0.083558,1,1.0904,0.771,0.771,0
0.083958,1,1.0918,0.772,0.772,0
0.084358,1,1.0932,0.773,0.773,0
0.084758,1,1.0946,0.774,0.774,0
0.085157,1,1.096,0.775,0.775,0
0.085557,1,1.0974,0.776,0.776,0
0.085957,1,1.0988,0.777,0.777,0
0.086356,1,1.1003,0.778,0.778,0
0.086756,1,1.1017,0.779,0.779,0
0.087156,1,1.1031,0.78,0.78,0
0.088156,1,1.1045,0.781,0.781,0
0.089156,1,1.1059,0.782,0.782,0
0.090156,1,1.1073,0.783,0.783,0
0.091156,1,1.1087,0.784,0.784,0
0.092156,1,1.1102,0.785,0.785,0
0.093157,1,1.1116,0.786,0.786,0
0.094157,1,1.113,0.787,0.787,0
0.095157,1,1.1144,0.788,0.788,0
0.096157,1,1.1158,0.789,0.789,0
0.097157,1,1.1172,0.79,0.79,0
0.097654,1,1.1186,0.791,0.791,0
0.098151,1,1.1201,0.792,0.792,0
0.098648,1,1.1215,0.793,0.793,0
0.099145,1,1.1229,0.794,0.794,0
0.099642,1,1.1243,0.795,0.795,0
0.10014,1,1.1257,0.796,0.796,0
0.10064,1,1.1271,0.797,0.797,0
0.10113,1,1.1285,0.798,0.798,0
0.10163,1,1.13,0.799,0.799,0
0.10213,1,1.1314,0.8,0.8,0
0.10176,1,1.1328,0.801,0.801,0
0.10139,1,1.1342,0.802,0.802,0
0.10102,1,1.1356,0.803,0.803,0
0.10065,1,1.137,0.804,0.804,0
0.10029,1,1.1384,0.805,0.805,0
0.099917,1,1.1399,0.806,0.806,0
0.099548,1,1.1413,0.807,0.807,0
0.09918,1,1.1427,0.808,0.808,0
0.098811,1,1.1441,0.809,0.809,0
0.098443,1,1.1455,0.81,0.81,0
0.096448,1,1.1469,0.811,0.811,0
0.094453,1,1.1483,0.812,0.812,0
0.092458,1,1.1498,0.813,0.813,0
0.090463,1,1.1512,0.814,0.814,0
0.088468,1,1.1526,0.815,0.815,0
0.086473,1,1.154,0.816,0.816,0
0.084478,1,1.1554,0.817,0.817,0
0.082483,1,1.1568,0.818,0.818,0
0.080488,1,1.1582,0.819,0.819,0
0.078493,1,1.1597,0.82,0.82,0
0.074994,1,1.1611,0.821,0.821,0
0.071494,1,1.1625,0.822,0.822,0
0.067994,1,1.1639,0.823,0.823,0
0.064494,1,1.1653,0.824,0.824,0
0.060995,1,1.1667,0.825,0.825,0
0.057495,1,1.1681,0.826,0.826,0
0.053995,1,1.1696,0.827,0.827,0
0.050495,1,1.171,0.828,0.828,0
0.046996,1,1.1724,0.829,0.829,0
0.043496,1,1.1738,0.83,0.83,0
0.039764,1,1.1752,0.831,0.831,0
0.036032,1,1.1766,0.832,0.832,0
0.032301,1,1.178,0.833,0.833,0
0.028569,1,1.1795,0.834,0.834,0
0.024837,1,1.1809,0.835,0.835,0
0.021105,1,1.1823,0.836,0.836,0
0.017373,1,1.1837,0.837,0.837,0
0.013642,1,1.1851,0.838,0.838,0
0.0099099,1,1.1865,0.839,0.839,0
0.0061781,1,1.1879,0.84,0.84,0
0.0037669,1,1.1894,0.841,0.841,0
0.0013558,1,1.1908,0.842,0.842,0
-0.0010553,1,1.1922,0.843,0.843,0
-0.0034664,1,1.1936,0.844,0.844,0
-0.0058776,1,1.195,0.845,0.845,0
-0.0082887,1,1.1964,0.846,0.846,0
-0.0107,1,1.1978,0.847,0.847,0
-0.013111,1,1.1993,0.848,0.848,0
-0.015522,1,1.2007,0.849,0.849,0
-0.017933,1,1.2021,0.85,0.85,0
-0.019028,1,1.2035,0.851,0.851,0
-0.020122,1,1.2049,0.852,0.852,0
-0.021217,1,1.2063,0.853,0.853,0
-0.022312,1,1.2077,0.854,0.854,0
-0.023406,1,1.2092,0.855,0.855,0
-0.024501,1,1.2106,0.856,0.856,0
-0.025595,1,1.212,0.857,0.857,0
-0.02669,1,1.2134,0.858,0.858,0
-0.027785,1,1.2148,0.859,0.859,0
-0.028879,1,1.2162,0.86,0.86,0
-0.028991,1,1.2176,0.861,0.861,0
-0.029102,1,1.2191,0.862,0.862,0
-0.029214,1,1.2205,0.863,0.863,0
-0.029325,1,1.2219,0.864,0.864,0
-0.029436,1,1.2233,0.865,0.865,0
-0.029548,1,1.2247,0.866,0.866,0
-0.029659,1,1.2261,0.867,0.867,0
-0.029771,1,1.2275,0.868,0.868,0
-0.029882,1,1.229,0.869,0.869,0
-0.029994,1,1.2304,0.87,0.87,0
-0.029196,1,1.2318,0.871,0.871,0
-0.028399,1,1.2332,0.872,0.872,0
-0.027602,1,1.2346,0.873,0.873,0
-0.026805,1,1.236,0.874,0.874,0
-0.026007,1,1.2374,0.875,0.875,0
-0.02521,1,1.2389,0.876,0.876,0
-0.024413,1,1.2403,0.877,0.877,0
-0.023616,1,1.2417,0.878,0.878,0
-0.022818,1,1.2431,0.879,0.879,0
-0.022021,1,1.2445,0.88,0.88,0
-0.020202,1,1.2459,0.881,0.881,0
-0.018383,1,1.2473,0.882,0.882,0
-0.016564,1,1.2488,0.883,0.883,0
-0.014745,1,1.2502,0.884,0.884,0
-0.012926,1,1.2516,0.885,0.885,0
-0.011107,1,1.253,0.886,0.886,0
-0.0092874,1,1.2544,0.887,0.887,0
-0.0074683,1,1.2558,0.888,0.888,0
-0.0056492,1,1.2572,0.889,0.889,0
-0.0038301,1,1.2587,0.89,0.89,0
-0.0010093,1,1.2601,0.891,0.891,0
0.0018116,1,1.2615,0.892,0.892,0
0.0046323,1,1.2629,0.893,0.893,0
0.0074531,1,1.2643,0.894,0.894,0
0.010274,1,1.2657,0.895,0.895,0
0.013095,1,1.2671,0.896,0.896,0
0.015916,1,1.2685,0.897,0.897,0
0.018736,1,1.27,0.898,0.898,0
0.021557,1,1.2714,0.899,0.899,0
0.024378,1,1.2728,0.9,0.9,0
0.027412,1,1.2742,0.901,0.901,0
0.030446,1,1.2756,0.902,0.902,0
0.033479,1,1.277,0.903,0.903,0
0.036513,1,1.2784,0.904,0.904,0
0.039547,1,1.2799,0.905,0.905,0
0.042581,1,1.2813,0.906,0.906,0
0.045615,1,1.2827,0.907,0.907,0
0.048649,1,1.2841,0.908,0.908,0
0.051683,1,1.2855,0.909,0.909,0
0.054717,1,1.2869,0.91,0.91,0
0.056241,1,1.2883,0.911,0.911,0
0.057766,1,1.2898,0.912,0.912,0
0.05929,1,1.2912,0.913,0.913,0
0.060815,1,1.2926,0.914,0.914,0
0.06234,1,1.294,0.915,0.915,0
0.063864,1,1.2954,0.916,0.916,0
0.065389,1,1.2968,0.917,0.917,0
0.066913,1,1.2982,0.918,0.918,0
0.068438,1,1.2997,0.919,0.919,0
0.069963,1,1.3011,0.92,0.92,0
0.068662,1,1.3025,0.921,0.921,0
0.067361,1,1.3039,0.922,0.922,0
0.06606,1,1.3053,0.923,0.923,0
0.064759,1,1.3067,0.924,0.924,0
0.063458,1,1.3081,0.925,0.925,0
0.062157,1,1.3096,0.926,0.926,0
0.060856,1,1.311,0.927,0.927,0
0.059555,1,1.3124,0.928,0.928,0
0.058254,1,1.3138,0.929,0.929,0
0.056953,1,1.3152,0.93,0.93,0
0.055303,1,1.3166,0.931,0.931,0
0.053652,1,1.318,0.932,0.932,0
0.052001,1,1.3195,0.933,0.933,0
0.05035,1,1.3209,0.934,0.934,0
0.048699,1,1.3223,0.935,0.935,0
0.047049,1,1.3237,0.936,0.936,0
0.045398,1,1.3251,0.937,0.937,0
0.043747,1,1.3265,0.938,0.938,0
0.042096,1,1.3279,0.939,0.939,0
0.040445,1,1.3294,0.94,0.94,0
0.039904,1,1.3308,0.941,0.941,0
0.039363,1,1.3322,0.942,0.942,0
0.038821,1,1.3336,0.943,0.943,0
0.03828,1,1.335,0.944,0.944,0
0.037738,1,1.3364,0.945,0.945,0
0.037197,1,1.3378,0.946,0.946,0
0.036656,1,1.3393,0.947,0.947,0
0.036114,1,1.3407,0.948,0.948,0
0.035573,1,1.3421,0.949,0.949,0
0.035031,1,1.3435,0.95,0.95,0
0.035325,1,1.3449,0.951,0.951,0
0.035618,1,1.3463,0.952,0.952,0
0.035911,1,1.3477,0.953,0.953,0
0.036204,1,1.3492,0.954,0.954,0
0.036498,1,1.3506,0.955,0.955,0
0.036791,1,1.352,0.956,0.956,0
0.037084,1,1.3534,0.957,0.957,0
0.037377,1,1.3548,0.958,0.958,0
0.037671,1,1.3562,0.959,0.959,0
0.037964,1,1.3576,0.96,0.96,0
0.038758,1,1.3591,0.961,0.961,0
0.039551,1,1.3605,0.962,0.962,0
0.040345,1,1.3619,0.963,0.963,0
0.041139,1,1.3633,0.964,0.964,0
0.041932,1,1.3647,0.965,0.965,0
0.042726,1,1.3661,0.966,0.966,0
0.04352,1,1.3675,0.967,0.967,0
0.044313,1,1.369,0.968,0.968,0
0.045107,1,1.3704,0.969,0.969,0
0.045901,1,1.3718,0.97,0.97,0
0.045929,1,1.3732,0.971,0.971,0
0.045957,1,1.3746,0.972,0.972,0
0.045985,1,1.376,0.973,0.973,0
0.046013,1,1.3774,0.974,0.974,0
0.046041,1,1.3789,0.975,0.975,0
0.046069,1,1.3803,0.976,0.976,0
0.046097,1,1.3817,0.977,0.977,0
0.046125,1,1.3831,0.978,0.978,0
0.046153,1,1.3845,0.979,0.979,0
0.046181,1,1.3859,0.98,0.98,0
0.045112,1,1.3873,0.981,0.981,0
0.044043,1,1.3888,0.982,0.982,0
0.042974,1,1.3902,0.983,0.983,0
0.041905,1,1.3916,0.984,0.984,0
0.040836,1,1.393,0.985,0.985,0
0.039767,1,1.3944,0.986,0.986,0
0.038698,1,1.3958,0.987,0.987,0
0.037629,1,1.3972,0.988,0.988,0
0.03656,1,1.3987,0.989,0.989,0
0.035491,1,1.4001,0.99,0.99,0
0.031942,1,1.4015,0.991,0.991,0
0.028393,1,1.4029,0.992,0.992,0
0.024844,1,1.4043,0.993,0.993,0
0.021295,1,1.4057,0.994,0.994,0
0.017745,1,1.4071,0.995,0.995,0
0.014196,1,1.4086,0.996,0.996,0
0.010647,1,1.41,0.997,0.997,0
0.0070981,1,1.4114,0.998,0.998,0
0.0035491,1,1.4128,0.999,0.999,0
0,1,1.4142,1,1,0
