"a","vtkValidPointMask","arc_length","Points:0","Points:1","Points:2"
4.6863e-19,1,0,0,0,0
0.0003973,1,0.0014142,0.001,0.001,0
0.00079459,1,0.0028284,0.002,0.002,0
0.0011919,1,0.0042426,0.003,0.003,0
0.0015892,1,0.0056569,0.004,0.004,0
0.0019865,1,0.0070711,0.005,0.005,0
0.0023838,1,0.0084853,0.006,0.006,0
0.0027811,1,0.0098995,0.007,0.007,0
0.0031784,1,0.011314,0.008,0.008,0
0.0035757,1,0.012728,0.009,0.009,0
0.003973,1,0.014142,0.01,0.01,0
0.0041461,1,0.015556,0.011,0.011,0
0.0043193,1,0.016971,0.012,0.012,0
0.0044924,1,0.018385,0.013,0.013,0
0.0046656,1,0.019799,0.014,0.014,0
0.0048387,1,0.021213,0.015,0.015,0
0.0050119,1,0.022627,0.016,0.016,0
0.0051851,1,0.024042,0.017,0.017,0
0.0053582,1,0.025456,0.018,0.018,0
0.0055314,1,0.02687,0.019,0.019,0
0.0057045,1,0.028284,0.02,0.02,0
0.0051652,1,0.029698,0.021,0.021,0
0.0046258,1,0.031113,0.022,0.022,0
0.0040864,1,0.032527,0.023,0.023,0
0.0035471,1,0.033941,0.024,0.024,0
0.0030077,1,0.035355,0.025,0.025,0
0.0024684,1,0.03677,0.026,0.026,0
0.001929,1,0.038184,0.027,0.027,0
0.0013896,1,0.039598,0.028,0.028,0
0.00085029,1,0.041012,0.029,0.029,0
0.00031093,1,0.042426,0.03,0.03,0
0.00086917,1,0.043841,0.031,0.031,0
0.0014274,1,0.045255,0.032,0.032,0
0.0019856,1,0.046669,0.033,0.033,0
0.0025439,1,0.048083,0.034,0.034,0
0.0031021,1,0.049497,0.035,0.035,0
0.0036604,1,0.050912,0.036,0.036,0
0.0042186,1,0.052326,0.037,0.037,0
0.0047769,1,0.05374,0.038,0.038,0
0.0053351,1,0.055154,0.039,0.039,0
0.0058933,1,0.056569,0.04,0.04,0
0.0064004,1,0.057983,0.041,0.041,0
0.0069074,1,0.059397,0.042,0.042,0
0.0074145,1,0.060811,0.043,0.043,0
0.0079216,1,0.062225,0.044,0.044,0
0.0084286,1,0.06364,0.045,0.045,0
0.0089357,1,0.065054,0.046,0.046,0
0.0094427,1,0.066468,0.047,0.047,0
0.0099498,1,0.067882,0.048,0.048,0
0.010457,1,0.069296,0.049,0.049,0
0.010964,1,0.070711,0.05,0.05,0
0.010654,1,0.072125,0.051,0.051,0
0.010344,1,0.073539,0.052,0.052,0
0.010034,1,0.074953,0.053,0.053,0
0.0097237,1,0.076368,0.054,0.054,0
0.0094136,1,0.077782,0.055,0.055,0
0.0091036,1,0.079196,0.056,0.056,0
0.0087935,1,0.08061,0.057,0.057,0
0.0084835,1,0.082024,0.058,0.058,0
0.0081734,1,0.083439,0.059,0.059,0
0.0078634,1,0.084853,0.06,0.06,0
0.0088112,1,0.086267,0.061,0.061,0
0.0097589,1,0.087681,0.062,0.062,0
0.010707,1,0.089095,0.063,0.063,0
0.011654,1,0.09051,0.064,0.064,0
0.012602,1,0.091924,0.065,0.065,0
0.01355,1,0.093338,0.066,0.066,0
0.014498,1,0.094752,0.067,0.067,0
0.015446,1,0.096167,0.068,0.068,0
0.016393,1,0.097581,0.069,0.069,0
0.017341,1,0.098995,0.07,0.07,0
0.015756,1,0.10041,0.071,0.071,0
0.01417,1,0.10182,0.072,0.072,0
0.012585,1,0.10324,0.073,0.073,0
0.010999,1,0.10465,0.074,0.074,0
0.009414,1,0.10607,0.075,0.075,0
0.0078285,1,0.10748,0.076,0.076,0
0.0062431,1,0.10889,0.077,0.077,0
0.0046577,1,0.11031,0.078,0.078,0
0.0030723,1,0.11172,0.079,0.079,0
0.0014868,1,0.11314,0.08,0.08,0
0.0018587,1,0.11455,0.081,0.081,0
0.0022306,1,0.11597,0.082,0.082,0
0.0026025,1,0.11738,0.083,0.083,0
0.0029744,1,0.11879,0.084,0.084,0
0.0033463,1,0.12021,0.085,0.085,0
0.0037182,1,0.12162,0.086,0.086,0
0.00409,1,0.12304,0.087,0.087,0
0.0044619,1,0.12445,0.088,0.088,0
0.0048338,1,0.12587,0.089,0.089,0
0.0052057,1,0.12728,0.09,0.09,0
0.0069336,1,0.12869,0.091,0.091,0
0.0086614,1,0.13011,0.092,0.092,0
0.010389,1,0.13152,0.093,0.093,0
0.012117,1,0.13294,0.094,0.094,0
0.013845,1,0.13435,0.095,0.095,0
0.015573,1,0.13576,0.096,0.096,0
0.017301,1,0.13718,0.097,0.097,0
0.019029,1,0.13859,0.098,0.098,0
0.020756,1,0.14001,0.099,0.099,0
0.022484,1,0.14142,0.1,0.1,0
0.021658,1,0.14284,0.101,0.101,0
0.020831,1,0.14425,0.102,0.102,0
0.020004,1,0.14566,0.103,0.103,0
0.019178,1,0.14708,0.104,0.104,0
0.018351,1,0.14849,0.105,0.105,0
0.017524,1,0.14991,0.106,0.106,0
0.016698,1,0.15132,0.107,0.107,0
0.015871,1,0.15274,0.108,0.108,0
0.015044,1,0.15415,0.109,0.109,0
0.014218,1,0.15556,0.11,0.11,0
0.012999,1,0.15698,0.111,0.111,0
0.011781,1,0.15839,0.112,0.112,0
0.010562,1,0.15981,0.113,0.113,0
0.0093441,1,0.16122,0.114,0.114,0
0.0081257,1,0.16263,0.115,0.115,0
0.0069073,1,0.16405,0.116,0.116,0
0.0056889,1,0.16546,0.117,0.117,0
0.0044705,1,0.16688,0.118,0.118,0
0.0032521,1,0.16829,0.119,0.119,0
0.0020338,1,0.16971,0.12,0.12,0
0.002397,1,0.17112,0.121,0.121,0
0.0027602,1,0.17253,0.122,0.122,0
0.0031235,1,0.17395,0.123,0.123,0
0.0034867,1,0.17536,0.124,0.124,0
0.0038499,1,0.17678,0.125,0.125,0
0.0042132,1,0.17819,0.126,0.126,0
0.0045764,1,0.17961,0.127,0.127,0
0.0049396,1,0.18102,0.128,0.128,0
0.0053029,1,0.18243,0.129,0.129,0
0.0056661,1,0.18385,0.13,0.13,0
0.0076681,1,0.18526,0.131,0.131,0
0.0096702,1,0.18668,0.132,0.132,0
0.011672,1,0.18809,0.133,0.133,0
0.013674,1,0.1895,0.134,0.134,0
0.015676,1,0.19092,0.135,0.135,0
0.017678,1,0.19233,0.136,0.136,0
0.01968,1,0.19375,0.137,0.137,0
0.021682,1,0.19516,0.138,0.138,0
0.023684,1,0.19658,0.139,0.139,0
0.025686,1,0.19799,0.14,0.14,0
0.0238,1,0.1994,0.141,0.141,0
0.021913,1,0.20082,0.142,0.142,0
0.020027,1,0.20223,0.143,0.143,0
0.01814,1,0.20365,0.144,0.144,0
0.016254,1,0.20506,0.145,0.145,0
0.014367,1,0.20648,0.146,0.146,0
0.012481,1,0.20789,0.147,0.147,0
0.010594,1,0.2093,0.148,0.148,0
0.0087075,1,0.21072,0.149,0.149,0
0.006821,1,0.21213,0.15,0.15,0
0.0083804,1,0.21355,0.151,0.151,0
0.0099399,1,0.21496,0.152,0.152,0
0.011499,1,0.21637,0.153,0.153,0
0.013059,1,0.21779,0.154,0.154,0
0.014618,1,0.2192,0.155,0.155,0
0.016178,1,0.22062,0.156,0.156,0
0.017737,1,0.22203,0.157,0.157,0
0.019297,1,0.22345,0.158,0.158,0
0.020856,1,0.22486,0.159,0.159,0
0.022416,1,0.22627,0.16,0.16,0
0.021852,1,0.22769,0.161,0.161,0
0.021288,1,0.2291,0.162,0.162,0
0.020724,1,0.23052,0.163,0.163,0
0.02016,1,0.23193,0.164,0.164,0
0.019596,1,0.23335,0.165,0.165,0
0.019033,1,0.23476,0.166,0.166,0
0.018469,1,0.23617,0.167,0.167,0
0.017905,1,0.23759,0.168,0.168,0
0.017341,1,0.239,0.169,0.169,0
0.016777,1,0.24042,0.17,0.17,0
0.019226,1,0.24183,0.171,0.171,0
0.021674,1,0.24324,0.172,0.172,0
0.024123,1,0.24466,0.173,0.173,0
0.026572,1,0.24607,0.174,0.174,0
0.02902,1,0.24749,0.175,0.175,0
0.031469,1,0.2489,0.176,0.176,0
0.033917,1,0.25032,0.177,0.177,0
0.036366,1,0.25173,0.178,0.178,0
0.038814,1,0.25314,0.179,0.179,0
0.041263,1,0.25456,0.18,0.18,0
0.044204,1,0.25597,0.181,0.181,0
0.047144,1,0.25739,0.182,0.182,0
0.050085,1,0.2588,0.183,0.183,0
0.053026,1,0.26022,0.184,0.184,0
0.055966,1,0.26163,0.185,0.185,0
0.058907,1,0.26304,0.186,0.186,0
0.061848,1,0.26446,0.187,0.187,0
0.064788,1,0.26587,0.188,0.188,0
0.067729,1,0.26729,0.189,0.189,0
0.07067,1,0.2687,0.19,0.19,0
0.064431,1,0.27011,0.191,0.191,0
0.058192,1,0.27153,0.192,0.192,0
0.051952,1,0.27294,0.193,0.193,0
0.045713,1,0.27436,0.194,0.194,0
0.039474,1,0.27577,0.195,0.195,0
0.033235,1,0.27719,0.196,0.196,0
0.026996,1,0.2786,0.197,0.197,0
0.020757,1,0.28001,0.198,0.198,0
0.014518,1,0.28143,0.199,0.199,0
0.0082791,1,0.28284,0.2,0.2,0
0.0099992,1,0.28426,0.201,0.201,0
0.011719,1,0.28567,0.202,0.202,0
0.01344,1,0.28709,0.203,0.203,0
0.01516,1,0.2885,0.204,0.204,0
0.01688,1,0.28991,0.205,0.205,0
0.0186,1,0.29133,0.206,0.206,0
0.02032,1,0.29274,0.207,0.207,0
0.02204,1,0.29416,0.208,0.208,0
0.02376,1,0.29557,0.209,0.209,0
0.025481,1,0.29698,0.21,0.21,0
0.023281,1,0.2984,0.211,0.211,0
0.021082,1,0.29981,0.212,0.212,0
0.018883,1,0.30123,0.213,0.213,0
0.016683,1,0.30264,0.214,0.214,0
0.014484,1,0.30406,0.215,0.215,0
0.012284,1,0.30547,0.216,0.216,0
0.010085,1,0.30688,0.217,0.217,0
0.0078858,1,0.3083,0.218,0.218,0
0.0056864,1,0.30971,0.219,0.219,0
0.0034871,1,0.31113,0.22,0.22,0
0.013354,1,0.31254,0.221,0.221,0
0.023221,1,0.31396,0.222,0.222,0
0.033089,1,0.31537,0.223,0.223,0
0.042956,1,0.31678,0.224,0.224,0
0.052823,1,0.3182,0.225,0.225,0
0.06269,1,0.31961,0.226,0.226,0
0.072557,1,0.32103,0.227,0.227,0
0.082425,1,0.32244,0.228,0.228,0
0.092292,1,0.32385,0.229,0.229,0
0.10216,1,0.32527,0.23,0.23,0
0.09511,1,0.32668,0.231,0.231,0
0.08806,1,0.3281,0.232,0.232,0
0.081011,1,0.32951,0.233,0.233,0
0.073961,1,0.33093,0.234,0.234,0
0.066912,1,0.33234,0.235,0.235,0
0.059863,1,0.33375,0.236,0.236,0
0.052813,1,0.33517,0.237,0.237,0
0.045764,1,0.33658,0.238,0.238,0
0.038714,1,0.338,0.239,0.239,0
0.031665,1,0.33941,0.24,0.24,0
0.034972,1,0.34083,0.241,0.241,0
0.038278,1,0.34224,0.242,0.242,0
0.041585,1,0.34365,0.243,0.243,0
0.044892,1,0.34507,0.244,0.244,0
0.048199,1,0.34648,0.245,0.245,0
0.051505,1,0.3479,0.246,0.246,0
0.054812,1,0.34931,0.247,0.247,0
0.058119,1,0.35072,0.248,0.248,0
0.061426,1,0.35214,0.249,0.249,0
0.064732,1,0.35355,0.25,0.25,0
0.061123,1,0.35497,0.251,0.251,0
0.057514,1,0.35638,0.252,0.252,0
0.053905,1,0.3578,0.253,0.253,0
0.050296,1,0.35921,0.254,0.254,0
0.046687,1,0.36062,0.255,0.255,0
0.043078,1,0.36204,0.256,0.256,0
0.039469,1,0.36345,0.257,0.257,0
0.03586,1,0.36487,0.258,0.258,0
0.032251,1,0.36628,0.259,0.259,0
0.028643,1,0.3677,0.26,0.26,0
0.033233,1,0.36911,0.261,0.261,0
0.037824,1,0.37052,0.262,0.262,0
0.042414,1,0.37194,0.263,0.263,0
0.047005,1,0.37335,0.264,0.264,0
0.051596,1,0.37477,0.265,0.265,0
0.056186,1,0.37618,0.266,0.266,0
0.060777,1,0.3776,0.267,0.267,0
0.065368,1,0.37901,0.268,0.268,0
0.069958,1,0.38042,0.269,0.269,0
0.074549,1,0.38184,0.27,0.27,0
0.073653,1,0.38325,0.271,0.271,0
0.072757,1,0.38467,0.272,0.272,0
0.071862,1,0.38608,0.273,0.273,0
0.070966,1,0.38749,0.274,0.274,0
0.07007,1,0.38891,0.275,0.275,0
0.069174,1,0.39032,0.276,0.276,0
0.068278,1,0.39174,0.277,0.277,0
0.067382,1,0.39315,0.278,0.278,0
0.066487,1,0.39457,0.279,0.279,0
0.065591,1,0.39598,0.28,0.28,0
0.076249,1,0.39739,0.281,0.281,0
0.086908,1,0.39881,0.282,0.282,0
0.097567,1,0.40022,0.283,0.283,0
0.10823,1,0.40164,0.284,0.284,0
0.11888,1,0.40305,0.285,0.285,0
0.12954,1,0.40447,0.286,0.286,0
0.1402,1,0.40588,0.287,0.287,0
0.15086,1,0.40729,0.288,0.288,0
0.16152,1,0.40871,0.289,0.289,0
0.17218,1,0.41012,0.29,0.29,0
0.16406,1,0.41154,0.291,0.291,0
0.15594,1,0.41295,0.292,0.292,0
0.14781,1,0.41436,0.293,0.293,0
0.13969,1,0.41578,0.294,0.294,0
0.13157,1,0.41719,0.295,0.295,0
0.12345,1,0.41861,0.296,0.296,0
0.11533,1,0.42002,0.297,0.297,0
0.10721,1,0.42144,0.298,0.298,0
0.099089,1,0.42285,0.299,0.299,0
0.090968,1,0.42426,0.3,0.3,0
0.095533,1,0.42568,0.301,0.301,0
0.1001,1,0.42709,0.302,0.302,0
0.10466,1,0.42851,0.303,0.303,0
0.10923,1,0.42992,0.304,0.304,0
0.11379,1,0.43134,0.305,0.305,0
0.11836,1,0.43275,0.306,0.306,0
0.12292,1,0.43416,0.307,0.307,0
0.12749,1,0.43558,0.308,0.308,0
0.13206,1,0.43699,0.309,0.309,0
0.13662,1,0.43841,0.31,0.31,0
0.1563,1,0.43982,0.311,0.311,0
0.17597,1,0.44123,0.312,0.312,0
0.19565,1,0.44265,0.313,0.313,0
0.21532,1,0.44406,0.314,0.314,0
0.235,1,0.44548,0.315,0.315,0
0.25467,1,0.44689,0.316,0.316,0
0.27435,1,0.44831,0.317,0.317,0
0.29402,1,0.44972,0.318,0.318,0
0.3137,1,0.45113,0.319,0.319,0
0.33337,1,0.45255,0.32,0.32,0
0.31269,1,0.45396,0.321,0.321,0
0.292,1,0.45538,0.322,0.322,0
0.27132,1,0.45679,0.323,0.323,0
0.25063,1,0.45821,0.324,0.324,0
0.22995,1,0.45962,0.325,0.325,0
0.20926,1,0.46103,0.326,0.326,0
0.18858,1,0.46245,0.327,0.327,0
0.16789,1,0.46386,0.328,0.328,0
0.14721,1,0.46528,0.329,0.329,0
0.12653,1,0.46669,0.33,0.33,0
0.12604,1,0.4681,0.331,0.331,0
0.12555,1,0.46952,0.332,0.332,0
0.12506,1,0.47093,0.333,0.333,0
0.12457,1,0.47235,0.334,0.334,0
0.12408,1,0.47376,0.335,0.335,0
0.12359,1,0.47518,0.336,0.336,0
0.12311,1,0.47659,0.337,0.337,0
0.12262,1,0.478,0.338,0.338,0
0.12213,1,0.47942,0.339,0.339,0
0.12164,1,0.48083,0.34,0.34,0
0.11912,1,0.48225,0.341,0.341,0
0.1166,1,0.48366,0.342,0.342,0
0.11408,1,0.48508,0.343,0.343,0
0.11157,1,0.48649,0.344,0.344,0
0.10905,1,0.4879,0.345,0.345,0
0.10653,1,0.48932,0.346,0.346,0
0.10401,1,0.49073,0.347,0.347,0
0.10149,1,0.49215,0.348,0.348,0
0.098975,1,0.49356,0.349,0.349,0
0.096456,1,0.49497,0.35,0.35,0
0.094668,1,0.49639,0.351,0.351,0
0.09288,1,0.4978,0.352,0.352,0
0.091092,1,0.49922,0.353,0.353,0
0.089304,1,0.50063,0.354,0.354,0
0.087516,1,0.50205,0.355,0.355,0
0.085728,1,0.50346,0.356,0.356,0
0.08394,1,0.50487,0.357,0.357,0
0.082152,1,0.50629,0.358,0.358,0
0.080364,1,0.5077,0.359,0.359,0
0.078576,1,0.50912,0.36,0.36,0
0.074228,1,0.51053,0.361,0.361,0
0.069879,1,0.51195,0.362,0.362,0
0.065531,1,0.51336,0.363,0.363,0
0.061183,1,0.51477,0.364,0.364,0
0.056834,1,0.51619,0.365,0.365,0
0.052486,1,0.5176,0.366,0.366,0
0.048138,1,0.51902,0.367,0.367,0
0.04379,1,0.52043,0.368,0.368,0
0.039441,1,0.52184,0.369,0.369,0
0.035093,1,0.52326,0.37,0.37,0
0.034088,1,0.52467,0.371,0.371,0
0.033083,1,0.52609,0.372,0.372,0
0.032078,1,0.5275,0.373,0.373,0
0.031073,1,0.52892,0.374,0.374,0
0.030068,1,0.53033,0.375,0.375,0
0.029062,1,0.53174,0.376,0.376,0
0.028057,1,0.53316,0.377,0.377,0
0.027052,1,0.53457,0.378,0.378,0
0.026047,1,0.53599,0.379,0.379,0
0.025042,1,0.5374,0.38,0.38,0
0.027547,1,0.53882,0.381,0.381,0
0.030051,1,0.54023,0.382,0.382,0
0.032555,1,0.54164,0.383,0.383,0
0.03506,1,0.54306,0.384,0.384,0
0.037564,1,0.54447,0.385,0.385,0
0.040069,1,0.54589,0.386,0.386,0
0.042573,1,0.5473,0.387,0.387,0
0.045078,1,0.54871,0.388,0.388,0
0.047582,1,0.55013,0.389,0.389,0
0.050086,1,0.55154,0.39,0.39,0
0.049862,1,0.55296,0.391,0.391,0
0.049637,1,0.55437,0.392,0.392,0
0.049413,1,0.55579,0.393,0.393,0
0.049188,1,0.5572,0.394,0.394,0
0.048964,1,0.55861,0.395,0.395,0
0.048739,1,0.56003,0.396,0.396,0
0.048515,1,0.56144,0.397,0.397,0
0.04829,1,0.56286,0.398,0.398,0
0.048066,1,0.56427,0.399,0.399,0
0.047841,1,0.56569,0.4,0.4,0
0.048848,1,0.5671,0.401,0.401,0
0.049856,1,0.56851,0.402,0.402,0
0.050863,1,0.56993,0.403,0.403,0
0.05187,1,0.57134,0.404,0.404,0
0.052877,1,0.57276,0.405,0.405,0
0.053884,1,0.57417,0.406,0.406,0
0.054891,1,0.57558,0.407,0.407,0
0.055898,1,0.577,0.408,0.408,0
0.056906,1,0.57841,0.409,0.409,0
0.057913,1,0.57983,0.41,0.41,0
0.058242,1,0.58124,0.411,0.411,0
0.058572,1,0.58266,0.412,0.412,0
0.058902,1,0.58407,0.413,0.413,0
0.059232,1,0.58548,0.414,0.414,0
0.059561,1,0.5869,0.415,0.415,0
0.059891,1,0.58831,0.416,0.416,0
0.060221,1,0.58973,0.417,0.417,0
0.060551,1,0.59114,0.418,0.418,0
0.06088,1,0.59256,0.419,0.419,0
0.06121,1,0.59397,0.42,0.42,0
0.058912,1,0.59538,0.421,0.421,0
0.056614,1,0.5968,0.422,0.422,0
0.054316,1,0.59821,0.423,0.423,0
0.052018,1,0.59963,0.424,0.424,0
0.04972,1,0.60104,0.425,0.425,0
0.047422,1,0.60245,0.426,0.426,0
0.045124,1,0.60387,0.427,0.427,0
0.042826,1,0.60528,0.428,0.428,0
0.040528,1,0.6067,0.429,0.429,0
0.03823,1,0.60811,0.43,0.43,0
0.035491,1,0.60953,0.431,0.431,0
0.032753,1,0.61094,0.432,0.432,0
0.030014,1,0.61235,0.433,0.433,0
0.027275,1,0.61377,0.434,0.434,0
0.024536,1,0.61518,0.435,0.435,0
0.021797,1,0.6166,0.436,0.436,0
0.019059,1,0.61801,0.437,0.437,0
0.01632,1,0.61943,0.438,0.438,0
0.013581,1,0.62084,0.439,0.439,0
0.010842,1,0.62225,0.44,0.44,0
0.01148,1,0.62367,0.441,0.441,0
0.012118,1,0.62508,0.442,0.442,0
0.012755,1,0.6265,0.443,0.443,0
0.013393,1,0.62791,0.444,0.444,0
0.014031,1,0.62933,0.445,0.445,0
0.014669,1,0.63074,0.446,0.446,0
0.015306,1,0.63215,0.447,0.447,0
0.015944,1,0.63357,0.448,0.448,0
0.016582,1,0.63498,0.449,0.449,0
0.01722,1,0.6364,0.45,0.45,0
0.01732,1,0.63781,0.451,0.451,0
0.017421,1,0.63922,0.452,0.452,0
0.017522,1,0.64064,0.453,0.453,0
0.017622,1,0.64205,0.454,0.454,0
0.017723,1,0.64347,0.455,0.455,0
0.017824,1,0.64488,0.456,0.456,0
0.017924,1,0.6463,0.457,0.457,0
0.018025,1,0.64771,0.458,0.458,0
0.018126,1,0.64912,0.459,0.459,0
0.018226,1,0.65054,0.46,0.46,0
0.020118,1,0.65195,0.461,0.461,0
0.022009,1,0.65337,0.462,0.462,0
0.0239,1,0.65478,0.463,0.463,0
0.025791,1,0.6562,0.464,0.464,0
0.027683,1,0.65761,0.465,0.465,0
0.029574,1,0.65902,0.466,0.466,0
0.031465,1,0.66044,0.467,0.467,0
0.033357,1,0.66185,0.468,0.468,0
0.035248,1,0.66327,0.469,0.469,0
0.037139,1,0.66468,0.47,0.47,0
0.038186,1,0.66609,0.471,0.471,0
0.039234,1,0.66751,0.472,0.472,0
0.040281,1,0.66892,0.473,0.473,0
0.041328,1,0.67034,0.474,0.474,0
0.042376,1,0.67175,0.475,0.475,0
0.043423,1,0.67317,0.476,0.476,0
0.04447,1,0.67458,0.477,0.477,0
0.045517,1,0.67599,0.478,0.478,0
0.046565,1,0.67741,0.479,0.479,0
0.047612,1,0.67882,0.48,0.48,0
0.044802,1,0.68024,0.481,0.481,0
0.041993,1,0.68165,0.482,0.482,0
0.039183,1,0.68307,0.483,0.483,0
0.036373,1,0.68448,0.484,0.484,0
0.033563,1,0.68589,0.485,0.485,0
0.030754,1,0.68731,0.486,0.486,0
0.027944,1,0.68872,0.487,0.487,0
0.025134,1,0.69014,0.488,0.488,0
0.022325,1,0.69155,0.489,0.489,0
0.019515,1,0.69296,0.49,0.49,0
0.026516,1,0.69438,0.491,0.491,0
0.033517,1,0.69579,0.492,0.492,0
0.040518,1,0.69721,0.493,0.493,0
0.047518,1,0.69862,0.494,0.494,0
0.05452,1,0.70004,0.495,0.495,0
0.06152,1,0.70145,0.496,0.496,0
0.068521,1,0.70286,0.497,0.497,0
0.075522,1,0.70428,0.498,0.498,0
0.082523,1,0.70569,0.499,0.499,0
0.089524,1,0.70711,0.5,0.5,0
0.093513,1,0.70852,0.501,0.501,0
0.097502,1,0.70994,0.502,0.502,0
0.10149,1,0.71135,0.503,0.503,0
0.10548,1,0.71276,0.504,0.504,0
0.10947,1,0.71418,0.505,0.505,0
0.11346,1,0.71559,0.506,0.506,0
0.11745,1,0.71701,0.507,0.507,0
0.12143,1,0.71842,0.508,0.508,0
0.12542,1,0.71983,0.509,0.509,0
0.12941,1,0.72125,0.51,0.51,0
0.12332,1,0.72266,0.511,0.511,0
0.11723,1,0.72408,0.512,0.512,0
0.11114,1,0.72549,0.513,0.513,0
0.10505,1,0.72691,0.514,0.514,0
0.098964,1,0.72832,0.515,0.515,0
0.092875,1,0.72973,0.516,0.516,0
0.086785,1,0.73115,0.517,0.517,0
0.080696,1,0.73256,0.518,0.518,0
0.074606,1,0.73398,0.519,0.519,0
0.068517,1,0.73539,0.52,0.52,0
0.065721,1,0.73681,0.521,0.521,0
0.062926,1,0.73822,0.522,0.522,0
0.06013,1,0.73963,0.523,0.523,0
0.057335,1,0.74105,0.524,0.524,0
0.05454,1,0.74246,0.525,0.525,0
0.051744,1,0.74388,0.526,0.526,0
0.048949,1,0.74529,0.527,0.527,0
0.046154,1,0.7467,0.528,0.528,0
0.043358,1,0.74812,0.529,0.529,0
0.040563,1,0.74953,0.53,0.53,0
0.04069,1,0.75095,0.531,0.531,0
0.040817,1,0.75236,0.532,0.532,0
0.040944,1,0.75378,0.533,0.533,0
0.041072,1,0.75519,0.534,0.534,0
0.041199,1,0.7566,0.535,0.535,0
0.041326,1,0.75802,0.536,0.536,0
0.041453,1,0.75943,0.537,0.537,0
0.04158,1,0.76085,0.538,0.538,0
0.041708,1,0.76226,0.539,0.539,0
0.041835,1,0.76368,0.54,0.54,0
0.049256,1,0.76509,0.541,0.541,0
0.056677,1,0.7665,0.542,0.542,0
0.064098,1,0.76792,0.543,0.543,0
0.071519,1,0.76933,0.544,0.544,0
0.07894,1,0.77075,0.545,0.545,0
0.086361,1,0.77216,0.546,0.546,0
0.093782,1,0.77357,0.547,0.547,0
0.1012,1,0.77499,0.548,0.548,0
0.10862,1,0.7764,0.549,0.549,0
0.11605,1,0.77782,0.55,0.55,0
0.11165,1,0.77923,0.551,0.551,0
0.10726,1,0.78065,0.552,0.552,0
0.10287,1,0.78206,0.553,0.553,0
0.098482,1,0.78347,0.554,0.554,0
0.094091,1,0.78489,0.555,0.555,0
0.089701,1,0.7863,0.556,0.556,0
0.08531,1,0.78772,0.557,0.557,0
0.080919,1,0.78913,0.558,0.558,0
0.076528,1,0.79055,0.559,0.559,0
0.072137,1,0.79196,0.56,0.56,0
0.077738,1,0.79337,0.561,0.561,0
0.08334,1,0.79479,0.562,0.562,0
0.088942,1,0.7962,0.563,0.563,0
0.094543,1,0.79762,0.564,0.564,0
0.10014,1,0.79903,0.565,0.565,0
0.10575,1,0.80044,0.566,0.566,0
0.11135,1,0.80186,0.567,0.567,0
0.11695,1,0.80327,0.568,0.568,0
0.12255,1,0.80469,0.569,0.569,0
0.12815,1,0.8061,0.57,0.57,0
0.12056,1,0.80752,0.571,0.571,0
0.11296,1,0.80893,0.572,0.572,0
0.10536,1,0.81034,0.573,0.573,0
0.097768,1,0.81176,0.574,0.574,0
0.090173,1,0.81317,0.575,0.575,0
0.082577,1,0.81459,0.576,0.576,0
0.074981,1,0.816,0.577,0.577,0
0.067385,1,0.81742,0.578,0.578,0
0.059789,1,0.81883,0.579,0.579,0
0.052193,1,0.82024,0.58,0.58,0
0.047679,1,0.82166,0.581,0.581,0
0.043165,1,0.82307,0.582,0.582,0
0.03865,1,0.82449,0.583,0.583,0
0.034136,1,0.8259,0.584,0.584,0
0.029622,1,0.82731,0.585,0.585,0
0.025108,1,0.82873,0.586,0.586,0
0.020594,1,0.83014,0.587,0.587,0
0.01608,1,0.83156,0.588,0.588,0
0.011566,1,0.83297,0.589,0.589,0
0.0070515,1,0.83439,0.59,0.59,0
0.022056,1,0.8358,0.591,0.591,0
0.03706,1,0.83721,0.592,0.592,0
0.052064,1,0.83863,0.593,0.593,0
0.067068,1,0.84004,0.594,0.594,0
0.082073,1,0.84146,0.595,0.595,0
0.097077,1,0.84287,0.596,0.596,0
0.11208,1,0.84429,0.597,0.597,0
0.12708,1,0.8457,0.598,0.598,0
0.14209,1,0.84711,0.599,0.599,0
0.15709,1,0.84853,0.6,0.6,0
0.15058,1,0.84994,0.601,0.601,0
0.14406,1,0.85136,0.602,0.602,0
0.13754,1,0.85277,0.603,0.603,0
0.13102,1,0.85418,0.604,0.604,0
0.1245,1,0.8556,0.605,0.605,0
0.11799,1,0.85701,0.606,0.606,0
0.11147,1,0.85843,0.607,0.607,0
0.10495,1,0.85984,0.608,0.608,0
0.098432,1,0.86126,0.609,0.609,0
0.091914,1,0.86267,0.61,0.61,0
0.087064,1,0.86408,0.611,0.611,0
0.082214,1,0.8655,0.612,0.612,0
0.077363,1,0.86691,0.613,0.613,0
0.072513,1,0.86833,0.614,0.614,0
0.067663,1,0.86974,0.615,0.615,0
0.062813,1,0.87116,0.616,0.616,0
0.057962,1,0.87257,0.617,0.617,0
0.053112,1,0.87398,0.618,0.618,0
0.048262,1,0.8754,0.619,0.619,0
0.043411,1,0.87681,0.62,0.62,0
0.039776,1,0.87823,0.621,0.621,0
0.036141,1,0.87964,0.622,0.622,0
0.032506,1,0.88106,0.623,0.623,0
0.028871,1,0.88247,0.624,0.624,0
0.025236,1,0.88388,0.625,0.625,0
0.021601,1,0.8853,0.626,0.626,0
0.017966,1,0.88671,0.627,0.627,0
0.014331,1,0.88813,0.628,0.628,0
0.010696,1,0.88954,0.629,0.629,0
0.0070607,1,0.89095,0.63,0.63,0
0.010433,1,0.89237,0.631,0.631,0
0.013806,1,0.89378,0.632,0.632,0
0.017179,1,0.8952,0.633,0.633,0
0.020551,1,0.89661,0.634,0.634,0
0.023924,1,0.89803,0.635,0.635,0
0.027297,1,0.89944,0.636,0.636,0
0.030669,1,0.90085,0.637,0.637,0
0.034042,1,0.90227,0.638,0.638,0
0.037415,1,0.90368,0.639,0.639,0
0.040787,1,0.9051,0.64,0.64,0
0.049962,1,0.90651,0.641,0.641,0
0.059137,1,0.90793,0.642,0.642,0
0.068311,1,0.90934,0.643,0.643,0
0.077485,1,0.91075,0.644,0.644,0
0.08666,1,0.91217,0.645,0.645,0
0.095835,1,0.91358,0.646,0.646,0
0.10501,1,0.915,0.647,0.647,0
0.11418,1,0.91641,0.648,0.648,0
0.12336,1,0.91782,0.649,0.649,0
0.13253,1,0.91924,0.65,0.65,0
0.12684,1,0.92065,0.651,0.651,0
0.12115,1,0.92207,0.652,0.652,0
0.11546,1,0.92348,0.653,0.653,0
0.10976,1,0.9249,0.654,0.654,0
0.10407,1,0.92631,0.655,0.655,0
0.098377,1,0.92772,0.656,0.656,0
0.092685,1,0.92914,0.657,0.657,0
0.086993,1,0.93055,0.658,0.658,0
0.0813,1,0.93197,0.659,0.659,0
0.075608,1,0.93338,0.66,0.66,0
0.074101,1,0.9348,0.661,0.661,0
0.072595,1,0.93621,0.662,0.662,0
0.071089,1,0.93762,0.663,0.663,0
0.069582,1,0.93904,0.664,0.664,0
0.068076,1,0.94045,0.665,0.665,0
0.06657,1,0.94187,0.666,0.666,0
0.065063,1,0.94328,0.667,0.667,0
0.063557,1,0.94469,0.668,0.668,0
0.062051,1,0.94611,0.669,0.669,0
0.060544,1,0.94752,0.67,0.67,0
0.060498,1,0.94894,0.671,0.671,0
0.060452,1,0.95035,0.672,0.672,0
0.060406,1,0.95177,0.673,0.673,0
0.06036,1,0.95318,0.674,0.674,0
0.060314,1,0.95459,0.675,0.675,0
0.060268,1,0.95601,0.676,0.676,0
0.060222,1,0.95742,0.677,0.677,0
0.060176,1,0.95884,0.678,0.678,0
0.06013,1,0.96025,0.679,0.679,0
0.060084,1,0.96167,0.68,0.68,0
0.060206,1,0.96308,0.681,0.681,0
0.060328,1,0.96449,0.682,0.682,0
0.06045,1,0.96591,0.683,0.683,0
0.060573,1,0.96732,0.684,0.684,0
0.060695,1,0.96874,0.685,0.685,0
0.060817,1,0.97015,0.686,0.686,0
0.060939,1,0.97156,0.687,0.687,0
0.061062,1,0.97298,0.688,0.688,0
0.061184,1,0.97439,0.689,0.689,0
0.061306,1,0.97581,0.69,0.69,0
0.065233,1,0.97722,0.691,0.691,0
0.069159,1,0.97864,0.692,0.692,0
0.073086,1,0.98005,0.693,0.693,0
0.077013,1,0.98146,0.694,0.694,0
0.080939,1,0.98288,0.695,0.695,0
0.084866,1,0.98429,0.696,0.696,0
0.088793,1,0.98571,0.697,0.697,0
0.092719,1,0.98712,0.698,0.698,0
0.096646,1,0.98854,0.699,0.699,0
0.10057,1,0.98995,0.7,0.7,0
0.099494,1,0.99136,0.701,0.701,0
0.098415,1,0.99278,0.702,0.702,0
0.097336,1,0.99419,0.703,0.703,0
0.096258,1,0.99561,0.704,0.704,0
0.095179,1,0.99702,0.705,0.705,0
0.0941,1,0.99843,0.706,0.706,0
0.093022,1,0.99985,0.707,0.707,0
0.091943,1,1.0013,0.708,0.708,0
0.090864,1,1.0027,0.709,0.709,0
0.089786,1,1.0041,0.71,0.71,0
0.083953,1,1.0055,0.711,0.711,0
0.078122,1,1.0069,0.712,0.712,0
0.07229,1,1.0083,0.713,0.713,0
0.066458,1,1.0097,0.714,0.714,0
0.060626,1,1.0112,0.715,0.715,0
0.054794,1,1.0126,0.716,0.716,0
0.048962,1,1.014,0.717,0.717,0
0.04313,1,1.0154,0.718,0.718,0
0.037298,1,1.0168,0.719,0.719,0
0.031466,1,1.0182,0.72,0.72,0
0.031154,1,1.0196,0.721,0.721,0
0.030843,1,1.0211,0.722,0.722,0
0.030531,1,1.0225,0.723,0.723,0
0.030219,1,1.0239,0.724,0.724,0
0.029908,1,1.0253,0.725,0.725,0
0.029596,1,1.0267,0.726,0.726,0
0.029284,1,1.0281,0.727,0.727,0
0.028973,1,1.0295,0.728,0.728,0
0.028661,1,1.031,0.729,0.729,0
0.028349,1,1.0324,0.73,0.73,0
0.029812,1,1.0338,0.731,0.731,0
0.031275,1,1.0352,0.732,0.732,0
0.032738,1,1.0366,0.733,0.733,0
0.034201,1,1.038,0.734,0.734,0
0.035663,1,1.0394,0.735,0.735,0
0.037126,1,1.0409,0.736,0.736,0
0.038589,1,1.0423,0.737,0.737,0
0.040052,1,1.0437,0.738,0.738,0
0.041515,1,1.0451,0.739,0.739,0
0.042978,1,1.0465,0.74,0.74,0
0.040592,1,1.0479,0.741,0.741,0
0.038207,1,1.0493,0.742,0.742,0
0.035821,1,1.0508,0.743,0.743,0
0.033435,1,1.0522,0.744,0.744,0
0.03105,1,1.0536,0.745,0.745,0
0.028664,1,1.055,0.746,0.746,0
0.026279,1,1.0564,0.747,0.747,0
0.023893,1,1.0578,0.748,0.748,0
0.021507,1,1.0592,0.749,0.749,0
0.019122,1,1.0607,0.75,0.75,0
0.017871,1,1.0621,0.751,0.751,0
0.016621,1,1.0635,0.752,0.752,0
0.015371,1,1.0649,0.753,0.753,0
0.01412,1,1.0663,0.754,0.754,0
0.01287,1,1.0677,0.755,0.755,0
0.01162,1,1.0691,0.756,0.756,0
0.010369,1,1.0706,0.757,0.757,0
0.009119,1,1.072,0.758,0.758,0
0.0078687,1,1.0734,0.759,0.759,0
0.0066184,1,1.0748,0.76,0.76,0
0.0071002,1,1.0762,0.761,0.761,0
0.0075822,1,1.0776,0.762,0.762,0
0.0080641,1,1.079,0.763,0.763,0
0.008546,1,1.0805,0.764,0.764,0
0.0090279,1,1.0819,0.765,0.765,0
0.0095098,1,1.0833,0.766,0.766,0
0.0099917,1,1.0847,0.767,0.767,0
0.010474,1,1.0861,0.768,0.768,0
0.010955,1,1.0875,0.769,0.769,0
0.011437,1,1.0889,0.77,0.77,0
0.010617,1,1.0904,0.771,0.771,0
0.0097963,1,1.0918,0.772,0.772,0
0.0089758,1,1.0932,0.773,0.773,0
0.0081553,1,1.0946,0.774,0.774,0
0.0073348,1,1.096,0.775,0.775,0
0.0065142,1,1.0974,0.776,0.776,0
0.0056937,1,1.0988,0.777,0.777,0
0.0048732,1,1.1003,0.778,0.778,0
0.0040527,1,1.1017,0.779,0.779,0
0.0032322,1,1.1031,0.78,0.78,0
0.0048648,1,1.1045,0.781,0.781,0
0.0064974,1,1.1059,0.782,0.782,0
0.00813,1,1.1073,0.783,0.783,0
0.0097626,1,1.1087,0.784,0.784,0
0.011395,1,1.1102,0.785,0.785,0
0.013028,1,1.1116,0.786,0.786,0
0.01466,1,1.113,0.787,0.787,0
0.016293,1,1.1144,0.788,0.788,0
0.017926,1,1.1158,0.789,0.789,0
0.019558,1,1.1172,0.79,0.79,0
0.020581,1,1.1186,0.791,0.791,0
0.021603,1,1.1201,0.792,0.792,0
0.022625,1,1.1215,0.793,0.793,0
0.023647,1,1.1229,0.794,0.794,0
0.024669,1,1.1243,0.795,0.795,0
0.025692,1,1.1257,0.796,0.796,0
0.026714,1,1.1271,0.797,0.797,0
0.027736,1,1.1285,0.798,0.798,0
0.028758,1,1.13,0.799,0.799,0
0.029781,1,1.1314,0.8,0.8,0
0.030329,1,1.1328,0.801,0.801,0
0.030878,1,1.1342,0.802,0.802,0
0.031426,1,1.1356,0.803,0.803,0
0.031975,1,1.137,0.804,0.804,0
0.032523,1,1.1384,0.805,0.805,0
0.033072,1,1.1399,0.806,0.806,0
0.03362,1,1.1413,0.807,0.807,0
0.034169,1,1.1427,0.808,0.808,0
0.034717,1,1.1441,0.809,0.809,0
0.035266,1,1.1455,0.81,0.81,0
0.034318,1,1.1469,0.811,0.811,0
0.03337,1,1.1483,0.812,0.812,0
0.032422,1,1.1498,0.813,0.813,0
0.031474,1,1.1512,0.814,0.814,0
0.030526,1,1.1526,0.815,0.815,0
0.029578,1,1.154,0.816,0.816,0
0.028631,1,1.1554,0.817,0.817,0
0.027683,1,1.1568,0.818,0.818,0
0.026735,1,1.1582,0.819,0.819,0
0.025787,1,1.1597,0.82,0.82,0
0.024276,1,1.1611,0.821,0.821,0
0.022765,1,1.1625,0.822,0.822,0
0.021254,1,1.1639,0.823,0.823,0
0.019743,1,1.1653,0.824,0.824,0
0.018232,1,1.1667,0.825,0.825,0
0.016721,1,1.1681,0.826,0.826,0
0.01521,1,1.1696,0.827,0.827,0
0.013699,1,1.171,0.828,0.828,0
0.012188,1,1.1724,0.829,0.829,0
0.010677,1,1.1738,0.83,0.83,0
0.015164,1,1.1752,0.831,0.831,0
0.019651,1,1.1766,0.832,0.832,0
0.024138,1,1.178,0.833,0.833,0
0.028625,1,1.1795,0.834,0.834,0
0.033112,1,1.1809,0.835,0.835,0
0.037599,1,1.1823,0.836,0.836,0
0.042086,1,1.1837,0.837,0.837,0
0.046573,1,1.1851,0.838,0.838,0
0.051059,1,1.1865,0.839,0.839,0
0.055546,1,1.1879,0.84,0.84,0
0.057957,1,1.1894,0.841,0.841,0
0.060367,1,1.1908,0.842,0.842,0
0.062777,1,1.1922,0.843,0.843,0
0.065188,1,1.1936,0.844,0.844,0
0.067598,1,1.195,0.845,0.845,0
0.070008,1,1.1964,0.846,0.846,0
0.072418,1,1.1978,0.847,0.847,0
0.074829,1,1.1993,0.848,0.848,0
0.077239,1,1.2007,0.849,0.849,0
0.079649,1,1.2021,0.85,0.85,0
0.080073,1,1.2035,0.851,0.851,0
0.080496,1,1.2049,0.852,0.852,0
0.080919,1,1.2063,0.853,0.853,0
0.081342,1,1.2077,0.854,0.854,0
0.081766,1,1.2092,0.855,0.855,0
0.082189,1,1.2106,0.856,0.856,0
0.082612,1,1.212,0.857,0.857,0
0.083035,1,1.2134,0.858,0.858,0
0.083458,1,1.2148,0.859,0.859,0
0.083882,1,1.2162,0.86,0.86,0
0.083873,1,1.2176,0.861,0.861,0
0.083864,1,1.2191,0.862,0.862,0
0.083855,1,1.2205,0.863,0.863,0
0.083846,1,1.2219,0.864,0.864,0
0.083837,1,1.2233,0.865,0.865,0
0.083828,1,1.2247,0.866,0.866,0
0.083819,1,1.2261,0.867,0.867,0
0.08381,1,1.2275,0.868,0.868,0
0.083801,1,1.229,0.869,0.869,0
0.083792,1,1.2304,0.87,0.87,0
0.082638,1,1.2318,0.871,0.871,0
0.081484,1,1.2332,0.872,0.872,0
0.08033,1,1.2346,0.873,0.873,0
0.079176,1,1.236,0.874,0.874,0
0.078022,1,1.2374,0.875,0.875,0
0.076868,1,1.2389,0.876,0.876,0
0.075715,1,1.2403,0.877,0.877,0
0.074561,1,1.2417,0.878,0.878,0
0.073407,1,1.2431,0.879,0.879,0
0.072253,1,1.2445,0.88,0.88,0
0.069034,1,1.2459,0.881,0.881,0
0.065815,1,1.2473,0.882,0.882,0
0.062597,1,1.2488,0.883,0.883,0
0.059378,1,1.2502,0.884,0.884,0
0.056159,1,1.2516,0.885,0.885,0
0.052941,1,1.253,0.886,0.886,0
0.049722,1,1.2544,0.887,0.887,0
0.046503,1,1.2558,0.888,0.888,0
0.043285,1,1.2572,0.889,0.889,0
0.040066,1,1.2587,0.89,0.89,0
0.036205,1,1.2601,0.891,0.891,0
0.032343,1,1.2615,0.892,0.892,0
0.028481,1,1.2629,0.893,0.893,0
0.02462,1,1.2643,0.894,0.894,0
0.020759,1,1.2657,0.895,0.895,0
0.016897,1,1.2671,0.896,0.896,0
0.013035,1,1.2685,0.897,0.897,0
0.009174,1,1.27,0.898,0.898,0
0.0053126,1,1.2714,0.899,0.899,0
0.0014512,1,1.2728,0.9,0.9,0
0.0043853,1,1.2742,0.901,0.901,0
0.0073195,1,1.2756,0.902,0.902,0
0.010254,1,1.277,0.903,0.903,0
0.013188,1,1.2784,0.904,0.904,0
0.016122,1,1.2799,0.905,0.905,0
0.019056,1,1.2813,0.906,0.906,0
0.02199,1,1.2827,0.907,0.907,0
0.024925,1,1.2841,0.908,0.908,0
0.027859,1,1.2855,0.909,0.909,0
0.030793,1,1.2869,0.91,0.91,0
0.031629,1,1.2883,0.911,0.911,0
0.032465,1,1.2898,0.912,0.912,0
0.033301,1,1.2912,0.913,0.913,0
0.034137,1,1.2926,0.914,0.914,0
0.034973,1,1.294,0.915,0.915,0
0.035809,1,1.2954,0.916,0.916,0
0.036645,1,1.2968,0.917,0.917,0
0.037481,1,1.2982,0.918,0.918,0
0.038317,1,1.2997,0.919,0.919,0
0.039153,1,1.3011,0.92,0.92,0
0.03589,1,1.3025,0.921,0.921,0
0.032627,1,1.3039,0.922,0.922,0
0.029364,1,1.3053,0.923,0.923,0
0.026101,1,1.3067,0.924,0.924,0
0.022838,1,1.3081,0.925,0.925,0
0.019575,1,1.3096,0.926,0.926,0
0.016312,1,1.311,0.927,0.927,0
0.013049,1,1.3124,0.928,0.928,0
0.0097857,1,1.3138,0.929,0.929,0
0.0065228,1,1.3152,0.93,0.93,0
0.0092203,1,1.3166,0.931,0.931,0
0.011918,1,1.318,0.932,0.932,0
0.014615,1,1.3195,0.933,0.933,0
0.017313,1,1.3209,0.934,0.934,0
0.02001,1,1.3223,0.935,0.935,0
0.022708,1,1.3237,0.936,0.936,0
0.025405,1,1.3251,0.937,0.937,0
0.028103,1,1.3265,0.938,0.938,0
0.0308,1,1.3279,0.939,0.939,0
0.033498,1,1.3294,0.94,0.94,0
0.035871,1,1.3308,0.941,0.941,0
0.038244,1,1.3322,0.942,0.942,0
0.040618,1,1.3336,0.943,0.943,0
0.042991,1,1.335,0.944,0.944,0
0.045364,1,1.3364,0.945,0.945,0
0.047737,1,1.3378,0.946,0.946,0
0.050111,1,1.3393,0.947,0.947,0
0.052484,1,1.3407,0.948,0.948,0
0.054857,1,1.3421,0.949,0.949,0
0.05723,1,1.3435,0.95,0.95,0
0.057958,1,1.3449,0.951,0.951,0
0.058686,1,1.3463,0.952,0.952,0
0.059414,1,1.3477,0.953,0.953,0
0.060143,1,1.3492,0.954,0.954,0
0.060871,1,1.3506,0.955,0.955,0
0.061599,1,1.352,0.956,0.956,0
0.062327,1,1.3534,0.957,0.957,0
0.063055,1,1.3548,0.958,0.958,0
0.063783,1,1.3562,0.959,0.959,0
0.064511,1,1.3576,0.96,0.96,0
0.063126,1,1.3591,0.961,0.961,0
0.06174,1,1.3605,0.962,0.962,0
0.060355,1,1.3619,0.963,0.963,0
0.05897,1,1.3633,0.964,0.964,0
0.057584,1,1.3647,0.965,0.965,0
0.056199,1,1.3661,0.966,0.966,0
0.054813,1,1.3675,0.967,0.967,0
0.053428,1,1.369,0.968,0.968,0
0.052043,1,1.3704,0.969,0.969,0
0.050657,1,1.3718,0.97,0.97,0
0.051431,1,1.3732,0.971,0.971,0
0.052205,1,1.3746,0.972,0.972,0
0.052978,1,1.376,0.973,0.973,0
0.053752,1,1.3774,0.974,0.974,0
0.054526,1,1.3789,0.975,0.975,0
0.055299,1,1.3803,0.976,0.976,0
0.056073,1,1.3817,0.977,0.977,0
0.056846,1,1.3831,0.978,0.978,0
0.05762,1,1.3845,0.979,0.979,0
0.058394,1,1.3859,0.98,0.98,0
0.06022,1,1.3873,0.981,0.981,0
0.062046,1,1.3888,0.982,0.982,0
0.063872,1,1.3902,0.983,0.983,0
0.065699,1,1.3916,0.984,0.984,0
0.067525,1,1.393,0.985,0.985,0
0.069351,1,1.3944,0.986,0.986,0
0.071178,1,1.3958,0.987,0.987,0
0.073004,1,1.3972,0.988,0.988,0
0.07483,1,1.3987,0.989,0.989,0
0.076657,1,1.4001,0.99,0.99,0
0.068991,1,1.4015,0.991,0.991,0
0.061325,1,1.4029,0.992,0.992,0
0.05366,1,1.4043,0.993,0.993,0
0.045994,1,1.4057,0.994,0.994,0
0.038328,1,1.4071,0.995,0.995,0
0.030663,1,1.4086,0.996,0.996,0
0.022997,1,1.41,0.997,0.997,0
0.015331,1,1.4114,0.998,0.998,0
0.0076656,1,1.4128,0.999,0.999,0
4.6222e-33,1,1.4142,1,1,0
